imdb_link,genres,stars,media_type,num_episodes,principal_people,production_companies
https://www.imdb.com/title/tt3513388/,"['Comedy', 'Talk-Show']","['Seth Meyers', 'Fred Armisen', 'The 8G Band', 'Ben Warheit', 'Amber Ruffin', 'John Lutz', ""Conner O'Malley"", 'Jenny Hagel', 'Michelle Wolf', 'Seth Reiss', 'Ron Mark McClary', 'Allison Miller', 'Wally Feresten', 'Jon Theodore', 'Andrew Law', 'Mike Scollins', 'John Mulaney', 'Josh Meyers']","['TV Series', '2014– 2014– ', 'TV-14TV-14', '1h']",1208,"['Seth Meyers', 'Fred Armisen', 'The 8G Band', 'Seth Meyers', 'Fred Armisen', 'The 8G Band']","['Broadway Video', 'Universal Television', '']"
https://www.imdb.com/title/tt4677934/,['Comedy'],"['Helen Mirren', 'Fred Armisen', 'Bill Hader', 'Deb Hiett', 'Van Epperson', 'Gary Kraus', 'Maureen Andronis', 'James Scorzelli', 'Paula Pell', 'Jon Spurney', 'Ben Hausbach', 'Rachael Perrell Fosket', 'Daniel Vasic', 'Irving Azoff', 'Tim Robinson', 'Cameron Crowe', 'Daryl Hall', 'Kenny Loggins']","['TV Series', '2015– 2015– ', 'TV-14TV-14', '23min']",28,"['Fred Armisen', 'Bill Hader', 'Seth Meyers', 'Helen Mirren', 'Fred Armisen', 'Bill Hader', 'Fred Armisen', 'Bill Hader', 'Seth Meyers', 'Helen Mirren', 'Fred Armisen', 'Bill Hader']","['Broadway Video', 'The Royal Budapest Film Co', '']"
https://www.imdb.com/title/tt6635044/,"['Comedy', 'News']","['Timothée Chalamet', 'Jessica Chastain', 'Emma Stone', 'Christina Hendricks', 'Margot Robbie', 'Alicia Vikander', 'Nicole Kidman', 'Christopher Nolan', 'Tom Hanks', 'Alexander Skarsgård', 'Sarah Paulson', 'Natalie Portman', 'Jennifer Aniston', 'Shailene Woodley', 'Dwayne Johnson', 'Michael Keaton', 'Reese Witherspoon', 'Guillermo del Toro']","['TV Special', '20182018']",0,"['Louis J. Horvitz', 'Barry Adelman', 'Michael Shoemaker', 'Alex Baze', 'Timothée Chalamet', 'Jessica Chastain', 'Emma Stone', 'Louis J. Horvitz', 'Barry Adelman', 'Michael Shoemaker', 'Alex Baze', 'Timothée Chalamet', 'Jessica Chastain', 'Emma Stone']","['Dick Clark Productions', 'Hollywood Foreign Press Association (HFPA)', '']"
https://www.imdb.com/title/tt3677742/,['Comedy'],"['Fred Armisen', 'Dan Aykroyd', 'Alec Baldwin', 'Vanessa Bayer', 'Jim Belushi', 'Candice Bergen', 'Win Butler', 'Jim Carrey', 'Dana Carvey', 'Chevy Chase', 'Louis C.K.', 'Ellen Cleghorne', 'Bradley Cooper', 'Billy Crystal', 'Jane Curtin', 'Miley Cyrus', 'Larry David', 'Pete Davidson']","['TV Special', '20152015', 'TV-14TV-14', '1h 46min']",0,"['Don Roy King', 'James Anderson', 'Fred Armisen', 'Tina Fey', 'Fred Armisen', 'Dan Aykroyd', 'Alec Baldwin', 'Don Roy King', 'James Anderson', 'Fred Armisen', 'Tina Fey', 'Fred Armisen', 'Dan Aykroyd', 'Alec Baldwin']","['Broadway Video', 'SNL Studios', '']"
https://www.imdb.com/title/tt3860114/,"['News', 'Reality-TV', 'Talk-Show']","['Seth Meyers', 'Amy Poehler', 'Fred Armisen', 'Andre Braugher', 'Ty Burrell', 'Adam Driver', 'Jesse Tyler Ferguson', 'Tony Hale', 'Zooey Deschanel', 'Allison Williams', 'David Crane', 'Jeffrey Klarik', 'Louis C.K.', 'Liz Friedman', 'Jenji Kohan', 'Simon Blackwell', 'Tony Roche', 'Armando Iannucci']","['TV Special', '20142014', 'TV-14TV-14', '2h 7min']",0,"['Glenn Weiss', 'Alison Agosti', 'Alex Baze', 'Bryan Donaldson', 'Seth Meyers', 'Amy Poehler', 'Fred Armisen', 'Glenn Weiss', 'Alison Agosti', 'Alex Baze', 'Bryan Donaldson', 'Seth Meyers', 'Amy Poehler', 'Fred Armisen']","['Academy of Television Arts and Sciences (ATAS)', 'Don Mischer Productions', '']"
https://www.imdb.com/title/tt3461424/,['Comedy'],"['Don Pardo', 'Alec Baldwin', 'Vanessa Bayer', 'Beck Bennett', 'David Boston', 'Aidy Bryant', 'Steve Carell', 'Miley Cyrus', 'Will Ferrell', 'Tina Fey', 'Lady Gaga', 'Anne Hathaway', 'Josh Hutcherson', 'Taran Killam', 'David Koechner', 'Kate McKinnon', 'Seth Meyers', 'John Milhiser']","['TV Special', '20142014']",0,"['Don Roy King', 'Seth Meyers', 'Colin Jost', 'Rob Klein', 'Don Pardo', 'Alec Baldwin', 'Vanessa Bayer', 'Don Roy King', 'Seth Meyers', 'Colin Jost', 'Rob Klein', 'Don Pardo', 'Alec Baldwin', 'Vanessa Bayer']","['Broadway Video', 'SNL Studios', '']"
https://www.imdb.com/title/tt2593532/,"['Short', 'Drama', 'Fantasy']",['Ted Wittman'],"['20122012', '6min']",0,"['Seth Meyers', 'S.D. Myers', 'Ted Wittman', 'Seth Meyers', 'S.D. Myers', 'Ted Wittman', 'Ted Wittman', 'Seth Meyers', 'S.D. Myers', 'Ted Wittman', 'Seth Meyers', 'S.D. Myers', 'Ted Wittman', 'Ted Wittman']",
https://www.imdb.com/title/tt5005908/,['News'],"['Seth Meyers', 'Barack Obama', 'Michelle Obama', 'Donald Trump']","['TV Special', '20112011', '2h']",0,"['Doug Abeles', 'Alex Baze', 'Neal Brennan', 'Seth Meyers', 'Barack Obama', 'Michelle Obama', 'Doug Abeles', 'Alex Baze', 'Neal Brennan', 'Seth Meyers', 'Barack Obama', 'Michelle Obama']",
https://www.imdb.com/title/tt1315217/,['Comedy'],"['Fred Armisen', 'Dan Aykroyd', 'Dana Carvey', 'Chevy Chase', 'Hillary Clinton', 'Jane Curtin', 'Amber Lee Ettinger', 'Jimmy Fallon', 'Will Ferrell', 'Tina Fey', 'Will Forte', 'Rudy Giuliani', 'Al Gore', 'Tipper Gore', 'Bill Hader', 'Darrell Hammond', 'Phil Hartman', 'Jan Hooks']","['TV Special', '20082008', 'TV-14TV-14', '1h 24min']",0,"['Don Roy King', 'Beth McCarthy-Miller', 'Paul Miller', 'James Downey', 'Steve Higgins', 'Erik Kenward', 'Fred Armisen', 'Dan Aykroyd', 'Dana Carvey', 'Don Roy King', 'Beth McCarthy-Miller', 'Paul Miller', 'James Downey', 'Steve Higgins', 'Erik Kenward', 'Fred Armisen', 'Dan Aykroyd', 'Dana Carvey']",
https://www.imdb.com/title/tt15179396/,"['Comedy', 'Fantasy']","['Katie Rich', 'Fred Armisen', 'Ike Barinholtz', 'Rosario Dawson', 'Heidi Gardner', 'Tim Meadows', 'Seth Meyers', 'Bobby Moynihan', 'Chris Parnell', 'Paul Scheer', 'Brooke Shields', 'Brent Spiner', 'Jason Sudeikis', 'Kenan Thompson', 'Alan Tudyk', 'Melissa Villaseñor', 'Ray Wise', 'John Leguizamo']","['TV Series', '2021– 2021– ']",10,"['Katie Rich', 'Fred Armisen', 'Ike Barinholtz', 'Katie Rich', 'Fred Armisen', 'Ike Barinholtz']","['Insurrection Media', 'WarnerMedia', '']"
https://www.imdb.com/title/tt5037914/,"['Comedy', 'Drama']","['Pete Holmes', 'George Basil', 'Jamie Lee', 'Artie Lange', 'Lauren Lapkus', 'Dov Davidoff', 'Zach Cherry', 'Jermaine Fowler', 'Madeline Wise', 'Rachel Feinstein', 'Henry Zebrowski', 'Aparna Nancherla', 'Dan Naturman', 'Greer Barnes', 'Keith Robinson', 'Estee Adoram', 'Dave Attell', 'Jessica Kirson']","['TV Series', '2017–20192017–2019', 'TV-MATV-MA', '30min']",24,"['Pete Holmes', 'Pete Holmes', 'George Basil', 'Jamie Lee', 'Pete Holmes', 'Pete Holmes', 'George Basil', 'Jamie Lee']","['Apatow Productions', 'HBO Original Programming', '']"
https://www.imdb.com/title/tt9881938/,['Comedy'],"['Beck Bennett', 'Kenan Thompson', 'Kyle Mooney', 'Aidy Bryant', 'Cecily Strong', 'Kate McKinnon', 'Taran Killam', 'Vanessa Bayer', 'Pete Davidson', 'Sasheer Zamata', 'Bobby Moynihan', 'Heidi Gardner', 'Jay Pharoah', 'Chris Redd', 'Leslie Jones', 'Melissa Villaseñor', 'Bill Hader', 'Alex Moffat']","['TV Series', '2013– 2013– ']",45,"['Lorne Michaels', 'Beck Bennett', 'Kenan Thompson', 'Kyle Mooney', 'Lorne Michaels', 'Beck Bennett', 'Kenan Thompson', 'Kyle Mooney']",
https://www.imdb.com/title/tt5555260/,"['Comedy', 'Drama', 'Romance']","['Milo Ventimiglia', 'Mandy Moore', 'Sterling K. Brown', 'Chrissy Metz', 'Justin Hartley', 'Susan Kelechi Watson', 'Chris Sullivan', 'Eris Baker', 'Faithe Herman', 'Jon Huertas', 'Mackenzie Hancsicsak', 'Parker Bates', 'Hannah Zeile', 'Lonnie Chavis', 'Niles Fitch', 'Logan Shroyer', 'Lyric Ross', 'Ron Cephas Jones']","['TV Series', '2016–20222016–2022', 'TV-14TV-14', '45min']",89,"['Dan Fogelman', 'Milo Ventimiglia', 'Mandy Moore', 'Sterling K. Brown', 'Dan Fogelman', 'Milo Ventimiglia', 'Mandy Moore', 'Sterling K. Brown']","['Rhode Island Ave. Productions', 'Zaftig Films', '20th Century Fox Television', '']"
https://www.imdb.com/title/tt2818496/,"['Animation', 'Action', 'Comedy']","['Ike Barinholtz', 'Taran Killam', 'Bobby Lee', 'Seth Meyers', 'Paula Pell', 'Emily Spivey', 'Kenan Thompson', 'Josh Meyers', 'Rashida Jones', 'Bobby Moynihan', 'Bill Hader', 'Steve Higgins', 'Rachel Dratch', 'Cecily Strong', 'Will Forte', 'Amy Poehler', 'Maya Rudolph', 'David Herman']","['TV Series', '2013–20152013–2015', 'TV-14TV-14', '23min']",30,"['Seth Meyers', 'Michael Shoemaker', 'Ike Barinholtz', 'Taran Killam', 'Bobby Lee', 'Seth Meyers', 'Michael Shoemaker', 'Ike Barinholtz', 'Taran Killam', 'Bobby Lee']","['Broadway Video', 'Bento Box Animation', 'Bento Box Entertainment', '']"
https://www.imdb.com/title/tt1780441/,['Comedy'],"['Fred Armisen', 'Carrie Brownstein', 'Kyle MacLachlan', 'Sam Adams', 'Kumail Nanjiani', 'Angel Bouchet', 'Kyle Stoltz', 'Pat Boyle', 'Kristine Levine', 'Chloë Sevigny', 'John Levenstein', 'Andrew Dhulst', ""Katie O'Grady"", 'Jaime Langton', 'Dana Millican', 'Jeff Goldblum', 'Henry Cottrell', 'Ted Douglass']","['TV Series', '2011–20182011–2018', 'TV-14TV-14', '22min']",79,"['Fred Armisen', 'Carrie Brownstein', 'Jonathan Krisel', 'Fred Armisen', 'Carrie Brownstein', 'Kyle MacLachlan', 'Fred Armisen', 'Carrie Brownstein', 'Jonathan Krisel', 'Fred Armisen', 'Carrie Brownstein', 'Kyle MacLachlan']",
https://www.imdb.com/title/tt0072562/,"['Comedy', 'Music']","['The Saturday Night Live Band', 'Don Pardo', 'Darrell Hammond', 'Lenny Pickett', 'Kenan Thompson', 'Seth Meyers', 'Fred Armisen', 'G.E. Smith', 'Kate McKinnon', 'Bobby Moynihan', 'Tim Meadows', 'Aidy Bryant', 'Cecily Strong', 'Jason Sudeikis', 'Kevin Nealon', 'Kyle Mooney', 'Maya Rudolph', 'Bill Hader']","['TV Series', '1975– 1975– ', 'TV-14TV-14', '1h 30min']",915,"['Lorne Michaels', 'The Saturday Night Live Band', 'Don Pardo', 'Darrell Hammond', 'Lorne Michaels', 'The Saturday Night Live Band', 'Don Pardo', 'Darrell Hammond']","['NBC Studios', 'NBC Universal Television', 'Broadway Video', '']"
https://www.imdb.com/title/tt1598822/,"['Comedy', 'Romance']","['Sarah Jessica Parker', 'Jessica Biel', 'Ashton Kutcher', 'Michelle Pfeiffer', 'Zac Efron', 'Charlotte Marshall-Fricker', 'Fiona Choi', 'Mary Marguerite Keane', 'Michael Mandell', 'Patrick Reale', 'Robert De Niro', 'Halle Berry', 'Cary Elwes', 'Alyssa Milano', 'Common', 'Barbara Marshall', 'Seth Meyers', 'Sarah Paulson']","['20112011', 'PG-13PG-13', '1h 58min']",0,"['Garry Marshall', 'Katherine Fugate', 'Sarah Jessica Parker', 'Jessica Biel', 'Ashton Kutcher', 'Garry Marshall', 'Katherine Fugate', 'Sarah Jessica Parker', 'Jessica Biel', 'Ashton Kutcher']","['New Line Cinema', 'Rice Films', 'Karz Entertainment', '']"
https://www.imdb.com/title/tt0814331/,"['Comedy', 'Romance']","['Amy Poehler', 'Parker Posey', 'Rachel Dratch', 'Amber Tamblyn', 'Seth Meyers', 'Sophie Monk', 'Jonathan Sadowski', 'Missi Pyle', 'Jane Lynch', 'Mae Whitman', 'Sarah Hagan', 'Jana Kramer', 'Kristin Cavallari', 'Justin Hartley', 'Nick Thune', 'Bruce Vilanch', 'Christopher Knight', 'La La Anthony']","['20092009', 'RR', '1h 24min']",0,"['Ryan Shiraki', 'Ryan Shiraki', 'Rachel Dratch', 'Amy Poehler', 'Parker Posey', 'Rachel Dratch', 'Ryan Shiraki', 'Ryan Shiraki', 'Rachel Dratch', 'Amy Poehler', 'Parker Posey', 'Rachel Dratch']",
https://www.imdb.com/title/tt0373051/,"['Action', 'Adventure', 'Family']","['Brendan Fraser', 'Josh Hutcherson', 'Anita Briem', 'Seth Meyers', 'Jean Michel Paré', 'Jane Wheeler', 'Frank Fontaine', 'Giancarlo Caltabiano', 'Kaniehtiio Horn', 'Garth Gilker']","['20082008', 'PGPG', '1h 33min']",0,"['Eric Brevig', 'Michael D. Weiss', 'Jennifer Flackett', 'Mark Levin', 'Brendan Fraser', 'Josh Hutcherson', 'Anita Briem', 'Eric Brevig', 'Michael D. Weiss', 'Jennifer Flackett', 'Mark Levin', 'Brendan Fraser', 'Josh Hutcherson', 'Anita Briem']","['New Line Cinema', 'Walden Media', ""Mel's Cite du Cinema"", '']"
https://www.imdb.com/title/tt6503364/,"['Short', 'Comedy', 'Music']","['The Lonely Island', 'Seth Meyers', 'Chris Parnell', 'Natalie Portman', 'Andy Samberg']","['Video', '20062006', '2min']",0,"['Akiva Schaffer', 'The Lonely Island', 'Seth Meyers', 'Chris Parnell', 'Akiva Schaffer', 'The Lonely Island', 'Seth Meyers', 'Chris Parnell']",
https://www.imdb.com/title/tt0455314/,"['Short', 'Comedy', 'Romance']","['Hayes MacArthur', 'Jason Winer', 'Nora Zehetner', 'Nichole Hiltz', 'Seth Meyers', 'Ike Barinholtz', 'Josh Meyers', 'Matt Corboy', 'Navi Rawat', 'Doris Hess', 'Rod Tate', 'Alexis Smart', 'Dana Goodman', 'Patrick Belton', 'Michele Morrow', 'Leonora Pitts', 'Brendan Hunt', 'Nicole Sullivan']","['20052005', '15min']",0,"['Jason Winer', 'Hayes MacArthur', 'Jason Winer', 'Hayes MacArthur', 'Jason Winer', 'Nora Zehetner', 'Jason Winer', 'Hayes MacArthur', 'Jason Winer', 'Hayes MacArthur', 'Jason Winer', 'Nora Zehetner']",
https://www.imdb.com/title/tt0427482/,"['Comedy', 'Drama', 'Short']","['Seth Meyers', 'Stan Grunder', 'Michelle Nietsche', 'Richard Meyer', 'Dick Barron', 'Kevin Cirone', 'Tony Ezzillo', 'Ryan Gentz', 'Dan Gorgone', 'Tim Guetterman', 'Norm Hassinger', 'Randy Judkins', 'Christopher Mace', 'Barney Martin', 'Doug Papa', 'Barry Ribbons', 'Rich Rothbell', 'Mark Scalia']","['20042004', '29min']",0,"['Doug Stradley', 'Daniel G. Stephens', 'Doug Stradley', 'Seth Meyers', 'Stan Grunder', 'Michelle Nietsche', 'Doug Stradley', 'Daniel G. Stephens', 'Doug Stradley', 'Seth Meyers', 'Stan Grunder', 'Michelle Nietsche']","['Cursed Piece Productions', '809 Productions', '']"
https://www.imdb.com/title/tt0115369/,['Comedy'],"['Michael J. Fox', 'Charlie Sheen', 'Heather Locklear', 'Richard Kind', 'Alan Ruck', 'Michael Boatman', 'Barry Bostwick', 'Connie Britton', 'Alexander Chaplin', 'Victoria Dillard', 'Jennifer Esposito', 'Lana Parrilla', 'Faith Prince', 'Carla Gugino', 'John Harrington Bland', 'Taylor Stanley', 'Beth Littleford', 'Paula Marshall']","['TV Series', '1996–20021996–2002', 'TV-14TV-14', '30min']",145,"['Gary David Goldberg', 'Bill Lawrence', 'Michael J. Fox', 'Charlie Sheen', 'Heather Locklear', 'Gary David Goldberg', 'Bill Lawrence', 'Michael J. Fox', 'Charlie Sheen', 'Heather Locklear']","['DreamWorks', 'Lottery Hill Entertainment', 'Ubu Productions', '']"
https://www.imdb.com/title/tt6461726/,['Comedy'],"['Glenn Howerton', 'Lyric Lewis', 'Mary Sohn', 'Jean Villepique', 'Patton Oswalt', 'Aparna Brielle', 'Nick Peine', 'Eddie Leavy', 'Jacob Houston', 'Sari Arambulo', 'Spence Moore II', 'Allisyn Snyder', 'Paula Pell', 'Marisa Baram', 'Miguel Chavez', 'Jacob Timothy Manown', 'Charlie McCrackin', 'Elizabeth Alderfer']","['TV Series', '2018– 2018– ', 'TV-14TV-14', '21min']",42,"[""Michael Patrick O'Brien"", 'Glenn Howerton', 'Lyric Lewis', 'Mary Sohn', ""Michael Patrick O'Brien"", 'Glenn Howerton', 'Lyric Lewis', 'Mary Sohn']","['Broadway Video', 'Sethmaker Shoemeyers Productions', 'Universal Television', '']"
https://www.imdb.com/title/tt10584350/,"['Short', 'Comedy', 'Mystery']","['Paula Pell', 'John Lutz', 'J.B. Smoove', 'Hayley Magnus', 'Jack McBrayer', 'Annie Mumolo', 'Pam Murphy', 'Patton Oswalt', 'James Anderson', 'Ike Barinholtz', 'Jim Carlson', 'Mary Holland', 'Maya Rudolph', 'Drew Tarver', 'Ben Warheit', 'Fred Armisen', ""D'Arcy Carden"", 'Tim Meadows']","['TV Series', '20202020', 'TV-MATV-MA']",12,"['Paula Pell', 'John Lutz', 'J.B. Smoove', 'Paula Pell', 'John Lutz', 'J.B. Smoove']","['Broadway Video', 'Sethmaker Shoemeyers Productions', '']"
https://www.imdb.com/title/tt1899280/,"['Documentary', 'Comedy', 'Music']","['Fred Armisen', 'Dan Aykroyd', 'Alec Baldwin', 'Jim Belushi', 'John Belushi', 'Candice Bergen', 'Albert Brooks', 'A. Whitney Brown', 'Nicolas Cage', 'Dana Carvey', 'Chevy Chase', 'Billy Crystal', 'Jane Curtin', 'Tom Davis', 'Danny DeVito', 'James Downey', 'Rachel Dratch', 'Nora Dunn']","['TV Special', '20112011']",0,"['Kenneth Bowser', 'Kenneth Bowser', 'Fred Armisen', 'Dan Aykroyd', 'Alec Baldwin', 'Kenneth Bowser', 'Kenneth Bowser', 'Fred Armisen', 'Dan Aykroyd', 'Alec Baldwin']","['Broadway Video', 'SNL Studios', '']"
https://www.imdb.com/title/tt1577870/,['Comedy'],"['Fred Armisen', 'Charles Barkley', 'John Belushi', 'Tom Brady', 'Nelson Briles', 'A. Whitney Brown', 'Dana Carvey', 'David Cone', 'Billy Crystal', 'Jane Curtin', 'Rachel Dratch', 'Dean Edwards', 'Jimmy Fallon', 'Chris Farley', 'Will Ferrell', 'Tina Fey', 'Will Forte', 'Al Franken']","['TV Special', '20092009', '1h 24min']",0,"['Don Roy King', 'Beth McCarthy-Miller', 'A.D. Miles', 'T. Sean Shannon', 'Andrew Secunda', 'Robert Smigel', 'Fred Armisen', 'Charles Barkley', 'John Belushi', 'Don Roy King', 'Beth McCarthy-Miller', 'A.D. Miles', 'T. Sean Shannon', 'Andrew Secunda', 'Robert Smigel', 'Fred Armisen', 'Charles Barkley', 'John Belushi']",
https://www.imdb.com/title/tt3444938/,"['Comedy', 'Music', 'Talk-Show']","['Jimmy Fallon', 'The Roots', 'Steve Higgins', 'Questlove', 'James Poyser', 'Tariq Trotter', 'Arthur Meyer', 'John Haskell', 'Frannie Fallon', 'Winnie Fallon', 'A.D. Miles', 'Kirk Douglas', 'Mark Kelley', 'Jo Firestone', ""James 'Kamal' Gray"", 'Dan Chamberlain', 'Andy Cohen', 'Miley Cyrus']","['TV Series', '2014– 2014– ', 'TV-14TV-14', '1h']",1548,"['Jimmy Fallon', 'The Roots', 'Steve Higgins', 'Jimmy Fallon', 'The Roots', 'Steve Higgins']","['Broadway Video', 'Universal Television', '']"
https://www.imdb.com/title/tt4280606/,"['Comedy', 'Talk-Show']","['James Corden', 'Reggie Watts', 'Louis Waymouth', 'Allison Janney', 'Harry Styles', 'Niall Horan', 'Justin Bieber', 'Joshua Silverstein', 'Leo Lam', 'Ben Schwartz', 'Bradley Whitford', 'Jack Hanna', 'Gordon Ramsay', 'Shawn Mendes', 'Melissa McCarthy', 'Jeff Goldblum', 'Max Greenfield', 'Terry Crews']","['TV Series', '2015– 2015– ', 'TV-14TV-14', '1h']",975,"['James Corden', 'Reggie Watts', 'Louis Waymouth', 'James Corden', 'Reggie Watts', 'Louis Waymouth']","['Fulwell 73', 'CBS Television Studios', '']"
https://www.imdb.com/title/tt15226648/,['Reality-TV'],"['Ryan McCallister', 'Kevin Sharkey', 'Martha Stewart', 'Jesse Tyler Ferguson', 'Tiffany Haddish', 'Tamron Hall', 'Alyson Hannigan', 'Paris Hilton', 'Kim Kardashian', 'Seth Meyers', 'Ellen Pompeo', 'Nicole Richie', 'Al Roker', 'Brooke Shields']","['TV Series', '2021– 2021– ']",8,"['Ryan McCallister', 'Kevin Sharkey', 'Martha Stewart', 'Ryan McCallister', 'Kevin Sharkey', 'Martha Stewart']",
https://www.imdb.com/title/tt11612380/,"['Documentary', 'History']","['Bill Carter', 'Billy Crystal', 'Jimmy Fallon', 'Kliph Nesteroff', ""Conan O'Brien"", 'W. Kamau Bell', 'Todd Boyd', 'Bob Costas', 'Whoopi Goldberg', 'Lorne Michaels', 'Robert Morton', 'Sarah Rodman', 'Jason Zinoman', 'Andy Cohen', 'Jimmy Kimmel', 'Jon Macks', 'Amber Ruffin', 'Jeff Sotzing']","['TV Series', '2021– 2021– ']",6,"['Bill Carter', 'Billy Crystal', 'Jimmy Fallon', 'Bill Carter', 'Billy Crystal', 'Jimmy Fallon']",
https://www.imdb.com/title/tt15212850/,['Documentary'],"['Seth Meyers', 'Lauren Patten']","['TV Special', '20212021']",0,"['Augie Max Vargas', 'Augie Max Vargas', 'Seth Meyers', 'Lauren Patten', 'Augie Max Vargas', 'Augie Max Vargas', 'Seth Meyers', 'Lauren Patten']",
https://www.imdb.com/title/tt12544796/,[],"['Hannah Waddingham', 'Anya Taylor-Joy', 'Gillian Anderson', 'Zendaya', 'Jason Sudeikis', 'Carey Mulligan', 'Catherine Zeta-Jones', 'Chris Hemsworth', 'Michael Kenneth Williams', 'Mads Mikkelsen', 'Gal Gadot', 'Kristen Bell', 'Leslie Odom Jr.', 'Mayim Bialik', 'Morgan Freeman', ""Catherine O'Hara"", 'Tyler Hoechlin', 'Dan Levy']","['TV Special', '20212021']",0,"['Richard A. Preuss', 'Hannah Waddingham', 'Anya Taylor-Joy', 'Gillian Anderson', 'Richard A. Preuss', 'Hannah Waddingham', 'Anya Taylor-Joy', 'Gillian Anderson']","['Bob Bain Productions', 'Berlin Entertainment', '']"
https://www.imdb.com/title/tt12920934/,['Documentary'],"['Donald Trump', 'Scott Adams', 'John Avlon', 'Brooke Baldwin', 'Molly Ball', 'Dana Bash', 'Wolf Blitzer', 'Alisyn Camerota', 'Amy Chozick', 'Hillary Clinton', 'Stephen Colbert', 'Kellyanne Conway', 'Simon Cowell', 'Ted Cruz', ""Michael D'Antonio"", 'Susan del Percio', 'Lindsey Graham', 'Mary Katharine Ham']","['20202020', '1h 46min']",0,"['James Fletcher', 'Donald Trump', 'Scott Adams', 'John Avlon', 'James Fletcher', 'Donald Trump', 'Scott Adams', 'John Avlon']","['Intervention Media.', 'Makemake', '']"
https://www.imdb.com/title/tt1366792/,['Talk-Show'],"['Fredrik Skavlan', 'Niklas Källner', 'Noomi Rapace', 'Anne Holt', 'Jens Stoltenberg', 'Erna Solberg', 'Filip Hammar', 'Carl Bildt', 'Rolf Lassgård', 'Lykke Li', 'Alexander Rybak', 'Mona Sahlin', 'Henrik Schyffert', 'Hanna Hellquist', 'Fredrik Lindström', 'Prinsesse Märtha Louise', 'Ari Behn', 'Jo Nesbø']","['TV Series', '2009– 2009– ', '58min']",325,"['Fredrik Skavlan', 'Niklas Källner', 'Noomi Rapace', 'Fredrik Skavlan', 'Niklas Källner', 'Noomi Rapace']",
https://www.imdb.com/title/tt13639130/,"['Short', 'Documentary']","['Lilliana Mason', 'Stephen Colbert', 'Tucker Carlson', 'Laura Ingraham', 'Seth Meyers', 'Joe Biden', 'Hillary Clinton', 'Jonathan Haidt', 'Barack Obama', 'Nancy Pelosi', 'Mike Pence', 'Mitt Romney', 'Adam Schiff', 'Donald Trump']","['Video', '20202020', '4min']",0,"['Sprott Woods', 'Lilliana Mason', 'Stephen Colbert', 'Tucker Carlson', 'Sprott Woods', 'Lilliana Mason', 'Stephen Colbert', 'Tucker Carlson']",
https://www.imdb.com/title/tt10453272/,"['Short', 'Talk-Show']","['Seth Meyers', ""D'Arcy Carden"", 'Manny Jacinto', 'William Jackson Harper', 'Jameela Jamil', 'Kristen Bell', 'Ted Danson']","['TV Short', '20202020', 'TV-PGTV-PG', '12min']",0,"['Michael Schur', 'Alexander J. Vietmeier', 'Michael Schur', 'Seth Meyers', ""D'Arcy Carden"", 'Manny Jacinto', 'Michael Schur', 'Alexander J. Vietmeier', 'Michael Schur', 'Seth Meyers', ""D'Arcy Carden"", 'Manny Jacinto']","['Fremulon', '3 Arts Entertainment', 'Universal Television', '']"
https://www.imdb.com/title/tt2057880/,['Talk-Show'],"['Andy Cohen', 'Mark Behar', 'NeNe Leakes', 'Sonja Morgan', 'Kenya Moore', 'Kyle Richards', 'Bethenny Frankel', 'Lisa Rinna', 'Kandi Burruss', 'Teresa Giudice', 'Cynthia Bailey', 'Luann de Lesseps', 'Vicki Gunvalson', ""Jerry O'Connell"", 'Sandra Bernhard', 'Melissa Gorga', 'Stassi Schroeder', 'Ramona Singer']","['TV Series', '2009– 2009– ', 'TV-14TV-14', '30min']",1542,"['Andy Cohen', 'Mark Behar', 'NeNe Leakes', 'Andy Cohen', 'Mark Behar', 'NeNe Leakes']",
https://www.imdb.com/title/tt11168100/,['Comedy'],"['Jonathan Chacko', 'Seth Meyers']","['TV Special', '20192019', 'TV-MATV-MA', '1h 1min']",0,"['Neal Brennan', 'Seth Meyers', 'Jonathan Chacko', 'Seth Meyers', 'Neal Brennan', 'Seth Meyers', 'Jonathan Chacko', 'Seth Meyers']",
https://www.imdb.com/title/tt10161398/,"['News', 'Reality-TV']","['Zoe Kazan', 'Jodie Comer', 'Zendaya', 'Billy Porter', 'Amy Adams', 'Margaret Qualley', 'Phoebe Waller-Bridge', 'Emilia Clarke', 'Maisie Williams', 'Marisa Tomei', 'Lena Headey', 'Joey King', 'Betty Gilpin', 'Michelle Williams', 'Jason Bateman', 'Kristen Bell', 'Dan Levy', 'Mila Kunis']","['TV Special', '20192019', 'TV-14TV-14', '2h 10min']",0,"['Hamish Hamilton', 'Eli Bauman', 'Jon Macks', 'Edgar Momplaisir', 'Zoe Kazan', 'Jodie Comer', 'Zendaya', 'Hamish Hamilton', 'Eli Bauman', 'Jon Macks', 'Edgar Momplaisir', 'Zoe Kazan', 'Jodie Comer', 'Zendaya']","['Done and Dusted Productions', 'Don Mischer Productions', 'Academy of Television Arts and Sciences (ATAS)', '']"
https://www.imdb.com/title/tt3395490/,['Talk-Show'],"['Jenelle Riley', 'Richard Ridge', 'Stacey Wilson Hunt', 'Mara Webster', 'Todd Amorde', 'Dave Karger', 'Julianna Margulies', 'Freddie Highmore', 'Tatiana Maslany', 'Debra Messing', 'Diahann Carroll', 'Lee Garlington', 'Anthony DeSantis', 'Pete Hammond', 'Scott Feinberg', 'Mark Peikert', 'Bruce Fretts', 'Robin Williams']","['TV Series', '1979– 1979– ']",280,"['Jenelle Riley', 'Richard Ridge', 'Stacey Wilson Hunt', 'Jenelle Riley', 'Richard Ridge', 'Stacey Wilson Hunt']",
https://www.imdb.com/title/tt6556992/,"['Comedy', 'Talk-Show']","['Sean Evans', 'Claus Pilgaard', 'Action Bronson', 'Jay Pharoah', 'Eric André', 'Bert Kreischer', 'T-Pain', 'Eddie Huang', 'Adam Richman', 'Joji', 'Rhett & Link', 'Tom Segura', 'Rich Brian', 'Bill Drexler', 'Kevin Hart', 'Russell Brand', 'Steve-O', 'Johnny Knoxville']","['TV Series', '2015– 2015– ', 'TV-14TV-14']",228,"['Chris Schonberger', 'Sean Evans', 'Sean Evans', 'Claus Pilgaard', 'Action Bronson', 'Chris Schonberger', 'Sean Evans', 'Sean Evans', 'Claus Pilgaard', 'Action Bronson']",
https://www.imdb.com/title/tt11857594/,['Talk-Show'],"['Monica Padman', 'Dax Shepard', 'Jess Rowland', 'Kristen Bell', 'David Farrier', 'Sanjay Gupta', 'Jackie Tohn', 'Jason Bateman', 'Joy Bryant', 'Yuval Noah Harari', 'Sam Harris', 'Ashton Kutcher', 'Rob McElhenney', 'Robert Mervak', 'Drew Pinsky', 'Sean Hayes', 'Rob Holysz', ""Vincent D'Onofrio""]","['TV Series', '2018– 2018– ']",302,"['Monica Padman', 'Dax Shepard', 'Jess Rowland', 'Monica Padman', 'Dax Shepard', 'Jess Rowland']",
https://www.imdb.com/title/tt0482346/,"['Biography', 'Family', 'News']","['Carlos Bustamante', 'Cheryl Hickey', 'Sangita Patel', 'Roz Weston', 'Erin Cebula', 'Keshia Chante', 'Matte Babel', ""Graeme O'Neil"", 'Paul McGuire', 'Jeff Probst', 'Dakota Goyo', 'Michael Bublé', 'Morgan Hoffman', 'David Caplan', 'Lindsay Ell', 'Alessia Cara', 'Dwayne Johnson', 'Drew Scott']","['TV Series', '2005– 2005– ', '30min']",401,"['Carlos Bustamante', 'Cheryl Hickey', 'Sangita Patel', 'Carlos Bustamante', 'Cheryl Hickey', 'Sangita Patel']",
https://www.imdb.com/title/tt0081857/,['News'],"['Kevin Frazier', ""Nancy O'Dell"", 'Nischelle Turner', 'Mark Steines', 'Cameron Mathison', 'Mary Hart', 'Keltie Knight', 'Brooke Anderson', 'Lauren Zima', 'Rob Marciano', 'Rachel Smith', 'Thea Andrews', 'Samantha Harris', 'Carly Steel', 'Matt Cohen', 'Oprah Winfrey', 'Rocsi Diaz', 'Jann Carl']","['TV Series', '1981– 1981– ', '30min']",4813,"['Alfred Masini', 'Kevin Frazier', ""Nancy O'Dell"", 'Nischelle Turner', 'Alfred Masini', 'Kevin Frazier', ""Nancy O'Dell"", 'Nischelle Turner']","['CBS Paramount Domestic Television', 'Paramount Domestic Television', 'Cox Broadcasting', '']"
https://www.imdb.com/title/tt4346344/,['News'],"['Giuliana Rancic', 'Ryan Seacrest', 'Ross Mathews', 'Jason Kennedy', 'Kristin Dos Santos', 'Kelly Osbourne', 'Catt Sadler', 'Brad Goreski', 'Ben Lyons', 'Debbie Matenopoulos', 'John Legend', 'Jay Manuel', 'Zuri Hall', 'Chrissy Teigen', 'Sal Masekela', 'Kristin Cavallari', 'Will Marfuggi', 'Erin Lim']","['TV Series', '1995– 1995– ', 'UnratedUnrated', '4h']",145,"['Giuliana Rancic', 'Ryan Seacrest', 'Ross Mathews', 'Giuliana Rancic', 'Ryan Seacrest', 'Ross Mathews']","['E! Entertainment Television', 'Ryan Seacrest Productions', 'NBC Universal Television', '']"
https://www.imdb.com/title/tt0247094/,['News'],"['Renee Bargh', 'Mario Lopez', 'Charissa Thompson', 'A.J. Calloway', 'Tanika Ray', 'Tracey E. Edmonds', 'Billy Bush', 'Jana Kramer', 'Nate Burleson', 'Jennifer Lahmers', 'Terri Seymour', 'Maria Menounos', 'Michael Corbett', 'Mark Wright', 'Jerry Penacoli', 'Jennifer Lopez', 'Shae Wilbur', 'Michelle Sorro']","['TV Series', '1994– 1994– ', 'TV-PGTV-PG', '30min']",3495,"['Renee Bargh', 'Mario Lopez', 'Charissa Thompson', 'Renee Bargh', 'Mario Lopez', 'Charissa Thompson']","['Time Telepictures Television', 'Tinseltown Entertainment', '']"
https://www.imdb.com/title/tt4877562/,['Comedy'],"['Chris Gethard', 'David Bluvband', 'Hallie Bulleit', 'Alex Clute', 'Bill Florio', 'Bethany Hall', 'Murf Meyer', 'Mike Yannich', ""Shannon O'Neill"", 'Jon Vafiadis', 'Connor Ratliff', 'Keith Haskel', 'Patrick Cotnoir', 'Dru Johnston', 'Mimi Fischer', 'Riley Soloner', 'Dave Szarejko', 'Robert Malone']","['TV Series', '2015– 2015– ', 'TV-MATV-MA', '1h']",47,"['Chris Gethard', 'Chris Gethard', 'David Bluvband', 'Hallie Bulleit', 'Chris Gethard', 'Chris Gethard', 'David Bluvband', 'Hallie Bulleit']",
https://www.imdb.com/title/tt7162324/,['News'],"['Melissa McCarthy', 'Shailene Woodley', 'Nicole Kidman', 'Alexander Skarsgård', 'Millie Bobby Brown', 'Benedict Cumberbatch', 'Michael Kenneth Williams', 'Sarah Paulson', 'Ewan McGregor', 'Matt Bomer', 'Reese Witherspoon', 'Robert De Niro', 'Jeffrey Dean Morgan', 'Gugu Mbatha-Raw', 'Mackenzie Davis', 'Jeffrey Wright', 'Michelle Pfeiffer', 'Claire Foy']","['TV Special', '20172017', 'TV-14TV-14', '2h 13min']",0,"['Glenn Weiss', 'Jeff Roe', 'Dave Boone', 'Nate Charny', 'Aaron Cohen', 'Melissa McCarthy', 'Shailene Woodley', 'Nicole Kidman', 'Glenn Weiss', 'Jeff Roe', 'Dave Boone', 'Nate Charny', 'Aaron Cohen', 'Melissa McCarthy', 'Shailene Woodley', 'Nicole Kidman']","['White Cherry Entertainment', 'Academy of Television Arts and Sciences (ATAS)', '']"
https://www.imdb.com/title/tt6986332/,"['Comedy', 'Music']","['Ben Affleck', 'Rowan Atkinson', 'Jack Black', 'Orlando Bloom', 'Sterling K. Brown', 'Yvette Nicole Brown', 'Amanda Christine', 'Bryan Cranston', 'Patrick Dempsey', 'DJ Khaled', 'Chiwetel Ejiofor', 'Gillian Alaire Espina', 'Colin Firth', 'Akbar Gbajabiamila', 'Bear Grylls', 'Mark Hamill', 'Chris Hardwick', 'Justin Hartley']","['TV Special', '20172017']",0,"['Ryan Polito', 'Jennifer Ann Burton', 'Richard Curtis', 'Jay Martel', 'Ben Affleck', 'Rowan Atkinson', 'Jack Black', 'Ryan Polito', 'Jennifer Ann Burton', 'Richard Curtis', 'Jay Martel', 'Ben Affleck', 'Rowan Atkinson', 'Jack Black']","['Irwin Entertainment', 'Universal Television', '']"
https://www.imdb.com/title/tt0096636/,['Talk-Show'],"['Kelly Ripa', 'Ryan Seacrest', 'Michael Strahan', 'Tony Pigg', 'Regis Philbin', 'Michael Gelman', 'Art Moore', 'Déjà Vu', 'Sally Winters', 'Kathie Lee Gifford', 'Mark Consuelos', 'Lawrence Zarian', 'Anderson Cooper', 'Monica Mangin', ""Jerry O'Connell"", 'Howie Mandel', 'Bernadette Peters', 'Joy Philbin']","['TV Series', '1988– 1988– ', 'TV-PGTV-PG', '1h']",4235,"['Kelly Ripa', 'Ryan Seacrest', 'Michael Strahan', 'Kelly Ripa', 'Ryan Seacrest', 'Michael Strahan']","['WABC', 'Buena Vista Television', 'Disney-ABC Home Entertainment & Television Distribution', '']"
https://www.imdb.com/title/tt7410974/,"['News', 'Talk-Show']","['Jon Favreau', 'Jon Lovett', 'Tommy Vietor', 'Dan Pfeiffer', 'Alyssa Mastromonaco', 'Norman L. Eisen', 'Tom Perez', 'Jon Ralston', 'Erin Gloria Ryan', 'Tamika Mallory', 'Seth Meyers', 'Barack Obama', 'Jessica Cisneros', 'Katie Porter', 'Philippe Reines', 'Linda Sarsour', 'Jimmy Kimmel', 'Paul Rieckhoff']","['TV Series', '2017– 2017– ', 'TV-MATV-MA']",43,"['Jon Favreau', 'Jon Lovett', 'Tommy Vietor', 'Jon Favreau', 'Jon Lovett', 'Tommy Vietor']",
https://www.imdb.com/title/tt6386856/,"['Short', 'Comedy', 'Music']","['Madilyn Bailey', 'Dagi Bee', 'Emma Blackery', 'Andrea Brooks', 'Marques Brownlee', 'Caeli', 'Julie Collins', 'James Corden', 'Justine Ezarik', 'Mark Fischbach', 'Meredith Foster', 'German Garmendia', 'Chachi Gonzales', 'Rubén Doblas Gundersen', 'Eva Gutowski', 'Gabbie Hanna', 'Hannah Hart', 'Grace Helbig']","['Video', '20162016', '7min']",0,"['Kai Hasson', 'Madilyn Bailey', 'Dagi Bee', 'Emma Blackery', 'Kai Hasson', 'Madilyn Bailey', 'Dagi Bee', 'Emma Blackery']",
https://www.imdb.com/title/tt2784810/,"['News', 'Talk-Show']","['Jake Tapper', 'Kaitlan Collins', 'Jeff Zeleny', 'Sara Murray', 'Amanda Carpenter', 'Barbara Starr', 'David Urban', 'Symone Sanders', 'Jim Sciutto', 'Jen Psaki', 'William Kristol', 'Mary Katharine Ham', 'Manu Raju', 'Pamela Brown', 'Kirsten Powers', 'Jessica Schneider', 'Tom Foreman', 'Philip Mudd']","['TV Series', '2013– 2013– ']",778,"['Jake Tapper', 'Jake Tapper', 'Kaitlan Collins', 'Jeff Zeleny', 'Jake Tapper', 'Jake Tapper', 'Kaitlan Collins', 'Jeff Zeleny']",
https://www.imdb.com/title/tt0827948/,"['News', 'Talk-Show']","['Brian Stelter', 'Howard Kurtz', 'Oliver Darcy', 'David Zurawik', 'Susan Glasser', 'Carl Bernstein', 'April Ryan', 'Amanda Carpenter', 'John Avlon', 'Olivia Nuzzi', 'Kaitlan Collins', 'S.E. Cupp', 'David Folkenflik', 'Nikole Hannah-Jones', 'Daniel Dale', 'Nicole Hemmer', 'Seema Yasmin', 'Maggie Haberman']","['TV Series', '1992– 1992– ', 'TV-PGTV-PG', '1h']",425,"['Brian Stelter', 'Howard Kurtz', 'Oliver Darcy', 'Brian Stelter', 'Howard Kurtz', 'Oliver Darcy']",
https://www.imdb.com/title/tt4789300/,['Comedy'],"['Maria Bamford', 'Fred Melamed', 'Mary Kay Place', 'Ana Gasteyer', 'Mo Collins', 'Ólafur Darri Ólafsson', 'Lennon Parham', 'Bridget Everett', 'Ed Begley Jr.', 'Kurt Braunohler', 'Dean Cain', 'Bri LeRose', 'Yimmy Yim', 'Scott Marvel Cassidy', 'Piotr Michael', 'Kyle McCulloch', 'Jenny Slate', 'Keith Lucas']","['TV Series', '2016–20172016–2017', 'TV-MATV-MA', '30min']",20,"['Pam Brady', 'Mitchell Hurwitz', 'Maria Bamford', 'Fred Melamed', 'Mary Kay Place', 'Pam Brady', 'Mitchell Hurwitz', 'Maria Bamford', 'Fred Melamed', 'Mary Kay Place']","['The Hurwitz Company', 'Wounded Poodle', 'Netflix', '']"
https://www.imdb.com/title/tt1261356/,['Talk-Show'],"['Wendy Williams', 'Jason Rooney', 'Melissa Garcia', 'Brian Balthazar', 'Ashlee Glazer', 'Jackie Miranne', 'Michael Yo', 'Don Lemon', 'Ian Drew', 'Nate Begle', 'Sharon Carpenter', 'Makho Ndlovu', 'Chassie Post', 'Bevy Smith', 'Lloyd Boston', 'Milly Almodovar', 'Alexandra Wentworth', 'David Mizejewski']","['TV Series', '2008– 2008– ', 'TV-14TV-14', '1h']",2185,"['Wendy Williams', 'Wendy Williams', 'Jason Rooney', 'Melissa Garcia', 'Wendy Williams', 'Wendy Williams', 'Jason Rooney', 'Melissa Garcia']","['CBS Media Ventures', 'CBS Television Distribution', 'Debmar-Mercury', '']"
https://www.imdb.com/title/tt0270116/,"['News', 'Talk-Show']","['Charlie Rose', 'Mark Halperin', 'Al Hunt', 'Thomas Friedman', 'Jon Meacham', 'Henry Kissinger', 'David Sanger', 'David Brooks', 'Doris Kearns Goodwin', 'Joe Klein', 'David Remnick', 'David Ignatius', 'John Heilemann', 'Jonathan Alter', 'David Denby', 'Fareed Zakaria', 'John McCain', 'Dexter Filkins']","['TV Series', '1991–20171991–2017', '1h']",9883,"['Charlie Rose', 'Mark Halperin', 'Al Hunt', 'Charlie Rose', 'Mark Halperin', 'Al Hunt']",
https://www.imdb.com/title/tt4181268/,"['Comedy', 'Musical', 'Talk-Show']","['Neil Patrick Harris', 'Nicole Scherzinger', 'Nathaniel Motulsky', 'Penelope Bellerjeau', 'Apolo Ohno', 'Billy Bell', 'Chris Cardone', 'Daniela Dib', 'Paloma Garcia Lee', 'Nico Greetham', 'Marty Lawson', 'Alec Baldwin', 'Jack Black', 'Kelsey Grammer', 'Reba McEntire', ""Shaquille O'Neal"", 'Tyler Perry', 'Kelly Ripa']","['TV Mini Series', '20152015', 'TV-PGTV-PG', '1h']",8,"['Neil Patrick Harris', 'Nicole Scherzinger', 'Nathaniel Motulsky', 'Neil Patrick Harris', 'Nicole Scherzinger', 'Nathaniel Motulsky']",
https://www.imdb.com/title/tt4688342/,"['Comedy', 'Music']","['Mark Addy', 'Christina Aguilera', 'Alfie Allen', 'Jennifer Aniston', 'Jack Black', 'Emily Blunt', 'Hugh Bonneville', 'Russell Brand', 'Thomas Brodie-Sangster', 'Danielle Brooks', 'Yvette Nicole Brown', 'Cheryl Burke', 'Billy Bush', 'Rose Byrne', 'Anna Camp', 'Naomi Campbell', 'Nick Cannon', ""D'Arcy Carden""]","['TV Special', '20152015']",0,"['Hamish Hamilton', 'Peter Karinen', 'Jon Macks', 'Mark Addy', 'Christina Aguilera', 'Alfie Allen', 'Hamish Hamilton', 'Peter Karinen', 'Jon Macks', 'Mark Addy', 'Christina Aguilera', 'Alfie Allen']",
https://www.imdb.com/title/tt4497142/,"['Documentary', 'Comedy']","['Tig Notaro', 'Steve Agee', 'Stephanie Brush', 'Jon Dore', 'Martha Kelly', 'Nick Kroll', 'Doug Lehmann', 'Mystery Twins', 'Jeff Garlin', 'Seth Meyers']","['20152015', 'TV-MATV-MA', '1h 16min']",0,"['Michael LaHaie', 'Christopher Wilcha', 'Tig Notaro', 'Tig Notaro', 'Steve Agee', 'Stephanie Brush', 'Michael LaHaie', 'Christopher Wilcha', 'Tig Notaro', 'Tig Notaro', 'Steve Agee', 'Stephanie Brush']",
https://www.imdb.com/title/tt5220922/,"['Documentary', 'Short']","['Joe Sabia', 'Weston Green', 'Amy Adams', 'Blake Lively', 'Olivia Munn', 'Sarah Jessica Parker', 'Daniel Radcliffe', 'Anna Wintour', 'Reese Witherspoon', 'Iggy Azalea', 'Victoria Beckham', 'Nicole Kidman', 'Matt Lauer', 'Seth Meyers', ""Lupita Nyong'o"", 'Emily Ratajkowski', 'Aziz Ansari', 'Cindy Crawford']","['TV Series', '2014– 2014– ']",32,"['Joe Sabia', 'Joe Sabia', 'Weston Green', 'Amy Adams', 'Joe Sabia', 'Joe Sabia', 'Weston Green', 'Amy Adams']",
https://www.imdb.com/title/tt4460266/,['Comedy'],"['Matt Lauer', 'Savannah Guthrie', 'Al Roker', 'Carson Daly', 'Sarah Palin', 'Alec Baldwin', 'Hilaria Baldwin', 'Eddie Murphy', 'Seth Meyers', 'Dan Aykroyd', 'Jim Belushi', 'Lorne Michaels', 'Melissa McCarthy', 'Tina Fey', 'Jim Carrey', 'Will Ferrell', 'Amy Poehler', 'Mike Myers']","['TV Special', '20152015']",0,"['Alexander J. Vietmeier', 'Jon Macks', 'Matt Lauer', 'Savannah Guthrie', 'Al Roker', 'Alexander J. Vietmeier', 'Jon Macks', 'Matt Lauer', 'Savannah Guthrie', 'Al Roker']",
https://www.imdb.com/title/tt3270224/,['News'],"['Tina Fey', 'Amy Poehler', 'Jennifer Aniston', 'Benedict Cumberbatch', 'Robert Duvall', 'Ethan Hawke', 'Edward Norton', 'Mark Ruffalo', 'J.K. Simmons', 'Dakota Johnson', 'Jamie Dornan', 'Uzo Aduba', 'Kathy Bates', 'Joanne Froggatt', 'Allison Janney', 'Michelle Monaghan', 'Jennifer Lopez', 'Jeremy Renner']","['TV Special', '20152015', '2h 8min']",0,"['Louis J. Horvitz', 'Barry Adelman', 'Tina Fey', 'Amy Poehler', 'Tina Fey', 'Amy Poehler', 'Jennifer Aniston', 'Louis J. Horvitz', 'Barry Adelman', 'Tina Fey', 'Amy Poehler', 'Tina Fey', 'Amy Poehler', 'Jennifer Aniston']","['Dick Clark Productions', 'Hollywood Foreign Press Association (HFPA)', '']"
https://www.imdb.com/title/tt0166442/,"['Documentary', 'News']","['Deborah Norville', 'Les Trent', 'Jim Moret', 'Diane McInerney', 'Megan Alexander', 'Steven Fabian', 'Lisa Guerrero', 'Ann Mercogliano', 'Mary Calvi', 'Paul Boyd', 'April Woodard', 'Nancy Grace', 'Victoria Recaño', 'David Caplan', 'Lauren Fix', 'Heather S. Michaels', 'Jeffrey Gardere', 'Valerie Greenberg']","['TV Series', '1988– 1988– ', 'TV-PGTV-PG', '30min']",3172,"['Deborah Norville', 'Les Trent', 'Jim Moret', 'Deborah Norville', 'Les Trent', 'Jim Moret']","['A Knotty Entertainment', 'KPI Productions', 'King World Productions', '']"
https://www.imdb.com/title/tt4817368/,[],['Seth Meyers'],"['TV Special', '20142014', '2h 7min']",0,"['Glenn Weiss', 'Seth Meyers', 'Glenn Weiss', 'Seth Meyers']",
https://www.imdb.com/title/tt5161316/,['Short'],"['Chadwick Boseman', 'Martin Freeman', 'Blake Griffin', 'Seth Meyers', 'Jim Moore', 'Clive Owen', 'Norman Reedus', 'Tom Selleck', 'Channing Tatum', 'Judd Apatow', 'James Corden', 'Thomas Middleditch']","['TV Series', '2014– 2014– ']",32,"['Chadwick Boseman', 'Martin Freeman', 'Blake Griffin', 'Chadwick Boseman', 'Martin Freeman', 'Blake Griffin']",
https://www.imdb.com/title/tt3843176/,"['Comedy', 'Music', 'Talk-Show']","['Jack Antonoff', 'Fred Armisen', 'Tom Arnold', 'Mark the Bagger', 'The Beach Boys', 'Sandra Bernhard', 'The Black Keys', 'Roger Black', 'King of All Blacks', 'Jon Bon Jovi', 'Joey Boots', 'Eli Braden', 'Zach Braff', 'Benjy Bronk', 'Don Buchwald', 'Louis C.K.', 'Nick Cannon', 'Chris Christie']","['Video', '20142014', '3h 58min']",0,"['Joel Gallen', 'George Reinblatt', 'Jack Antonoff', 'Fred Armisen', 'Tom Arnold', 'Joel Gallen', 'George Reinblatt', 'Jack Antonoff', 'Fred Armisen', 'Tom Arnold']",
https://www.imdb.com/title/tt3562462/,['Comedy'],"['Michael Che', 'Debra DiGiovanni', 'K. Trevor Wilson', 'Jeremy Hotz', 'Darcy Michael', 'Mark Forward', 'Bill Hader', 'Jack McBrayer', 'Todd Barry', 'Graham Chittenden', 'Darrin Rose', 'Kurt Braunohler', 'Moshe Kasher', 'Jerrod Carmichael', ""Matt O'Brien"", 'Nathan Macintosh', 'Andy Kindler', 'Pete Holmes']","['TV Series', '2012– 2012– ']",80,"['Michael Che', 'Debra DiGiovanni', 'K. Trevor Wilson', 'Michael Che', 'Debra DiGiovanni', 'K. Trevor Wilson']",
https://www.imdb.com/title/tt3513114/,['Comedy'],"['Seth Meyers', 'Don Pardo', 'Fred Armisen', 'Charles Barkley', 'John Belushi', 'Tom Brady', 'Billy Crystal', 'Dean Edwards', 'Jimmy Fallon', 'Chris Farley', 'Will Ferrell', 'Tina Fey', 'Will Forte', 'Al Franken', 'Ana Gasteyer', 'Christopher Guest', 'Bill Hader', 'Phil Hartman']","['TV Movie', '20142014', 'TV-14TV-14', '1h']",0,"['Don Roy King', 'Alex Baze', 'Steve Higgins', 'Erik Kenward', 'Seth Meyers', 'Don Pardo', 'Fred Armisen', 'Don Roy King', 'Alex Baze', 'Steve Higgins', 'Erik Kenward', 'Seth Meyers', 'Don Pardo', 'Fred Armisen']","['Broadway Video', 'SNL Studios', '']"
https://www.imdb.com/title/tt3464668/,['Talk-Show'],"['Matt Lauer', 'Savannah Guthrie', 'Carson Daly', 'Tamron Hall', 'Amy Adams', 'Lena Dunham', 'Michael Douglas', 'Taylor Schilling', 'Jim Parsons', 'Kaley Cuoco', 'Rob Lowe', 'Zooey Deschanel', 'Sandra Bullock', 'Jennifer Lawrence', 'Andy Samberg', 'Kerry Washington', 'Leonardo DiCaprio', 'Jimmy Fallon']","['TV Special', '20142014']",0,"['Gregg Gelfand', 'Ken Shapiro', 'Matt Lauer', 'Savannah Guthrie', 'Carson Daly', 'Gregg Gelfand', 'Ken Shapiro', 'Matt Lauer', 'Savannah Guthrie', 'Carson Daly']","['Dick Clark Productions', 'Hollywood Foreign Press Association (HFPA)', '']"
https://www.imdb.com/title/tt3530350/,"['Comedy', 'Talk-Show']","['Michael Ian Black', 'Ben Stiller', 'Mike Myers', 'Seth Meyers']","['TV Special', '20132013', '1h']",0,"['Lance Bangs', 'Michael Ian Black', 'Ben Stiller', 'Mike Myers', 'Lance Bangs', 'Michael Ian Black', 'Ben Stiller', 'Mike Myers']","['Epix (I)', 'Nantucket Film Festival', 'Red Hour Films', '']"
https://www.imdb.com/title/tt0106053/,"['Comedy', 'Music', 'Talk-Show']","['David Letterman', 'Paul Shaffer', 'Alan Kalter', 'Biff Henderson', 'Regis Philbin', 'Barbara Gaines', 'Tony Mendez', 'Al Chez', 'Jack Hanna', 'Tom Malone', 'Bruce Kapler', 'Rupert Jee', 'Pat Farmer', 'Johnny Dark', 'Jeff Altman', 'Joe Grossman', 'Chris Elliott', 'Marv Albert']","['TV Series', '1993–20151993–2015', '1h']",6690,"['David Letterman', 'David Letterman', 'Paul Shaffer', 'Alan Kalter', 'David Letterman', 'David Letterman', 'Paul Shaffer', 'Alan Kalter']",
https://www.imdb.com/title/tt2314952/,"['Animation', 'Comedy', 'Family']","['Jerry Seinfeld', 'Michael Richards', 'Mario Joyner', 'Jimmy Fallon', 'Ricky Gervais', 'Barry Marder', 'Alec Baldwin', 'Sebastian Maniscalco', 'Brian Regan', 'Bob Einstein', 'Julia Louis-Dreyfus', 'Gad Elmaleh', 'David Letterman', 'Seth Meyers', 'Don Rickles', 'Robert Klein', 'Sarah Jessica Parker', 'George Wallace']","['TV Series', '2012– 2012– ', 'TV-14TV-14', '20min']",85,"['Jerry Seinfeld', 'Jerry Seinfeld', 'Michael Richards', 'Mario Joyner', 'Jerry Seinfeld', 'Jerry Seinfeld', 'Michael Richards', 'Mario Joyner']","['Barry Katz Entertainment', 'Embassy Row', 'Sony Pictures Television', '']"
https://www.imdb.com/title/tt0123338/,"['Documentary', 'News']","['Andrew Rooney', 'Lesley Stahl', 'Steve Kroft', 'Morley Safer', 'Mike Wallace', 'Ed Bradley', 'Scott Pelley', 'Bob Simon', 'Bill Whitaker', 'Anderson Cooper', 'Lara Logan', 'Harry Reasoner', 'Dan Rather', 'Sharyn Alfonsi', 'Jon Wertheim', 'Charlie Rose', 'Christiane Amanpour', 'David Martin']","['TV Series', '1968– 1968– ', 'TV-PGTV-PG', '1h']",2050,"['Don Hewitt', 'Andrew Rooney', 'Lesley Stahl', 'Steve Kroft', 'Don Hewitt', 'Andrew Rooney', 'Lesley Stahl', 'Steve Kroft']","['CBS News Productions', 'CBS Productions', '']"
https://www.imdb.com/title/tt2578448/,"['Documentary', 'Music']","['Bon Jovi', 'Eric Clapton', 'James L. Dolan', 'Billy Joel', 'Alicia Keys', 'Dave Kilminster', 'Blake Lively', 'Chris Martin', 'Paul McCartney', 'Seth Meyers', 'Chris Rock', 'The Rolling Stones', 'Adam Sandler', 'Rob Simmons', 'Gordon Soderberg', 'Bruce Springsteen', 'John Sykes', 'Eddie Vedder']","['TV Special', '20122012', 'TV-GTV-G', '1h 36min']",0,"['Michael Dempsey', 'Bon Jovi', 'Eric Clapton', 'James L. Dolan', 'Michael Dempsey', 'Bon Jovi', 'Eric Clapton', 'James L. Dolan']","['Clear Channel', 'Dempsey Productions', 'Diversified Production Services', '']"
https://www.imdb.com/title/tt2317255/,['Comedy'],"['Fred Armisen', 'Lance Bass', 'Matt Berry', 'Russell Brand', 'Richard Branson', 'Coldplay', 'David Cross', 'Rachel Dratch', 'Noel Fielding', 'Micky Flanagan', 'Dave Goelz', 'Bill Hader', 'Eric Idle', 'Eddie Izzard', 'Rashida Jones', 'Terry Jones', 'Matt Judge', 'Mike Judge']","['TV Special', '20122012', 'TV-MATV-MA', '1h 35min']",0,"['Ryan Polito', 'Terence Dackombe', 'Fred Armisen', 'Lance Bass', 'Matt Berry', 'Ryan Polito', 'Terence Dackombe', 'Fred Armisen', 'Lance Bass', 'Matt Berry']","['Amnesty International', 'Control Room', '']"
https://www.imdb.com/title/tt2115291/,"['Documentary', 'Comedy']","['Hugh Jackman', 'Jennifer Love Hewitt', 'Zachary Levi', 'Morgan Freeman', 'Molly Shannon', 'Wendie Malick', 'Betty White', 'Tina Fey', 'William Shatner', 'Joel McHale', 'Valerie Harper', 'Chevy Chase', 'Amy Poehler', 'Ed Asner', 'Bea Arthur', 'Rue McClanahan', 'Jane Leeves', 'Doris Day']","['TV Movie', '20122012', '1h 30min']",0,"['Gary Halvorson', 'Brad Lachman', 'Jon Macks', 'Steve Ridgeway', 'Hugh Jackman', 'Jennifer Love Hewitt', 'Zachary Levi', 'Gary Halvorson', 'Brad Lachman', 'Jon Macks', 'Steve Ridgeway', 'Hugh Jackman', 'Jennifer Love Hewitt', 'Zachary Levi']","['Brad Lachman Productions', 'Syndrome Studio', '']"
https://www.imdb.com/title/tt2127404/,['Talk-Show'],"[""Michael Patrick O'Brien"", 'Connie Britton', 'Ty Burrell', 'Patricia Clarkson', 'Andy Cohen', 'Ellen DeGeneres', 'Selita Ebanks', 'Insane Clown Posse', 'Hoda Kotb', 'Jack McBrayer', 'Seth Meyers', 'Tracy Morgan', 'John Oliver', 'Amy Poehler', 'Christina Ricci', 'Andy Samberg', 'Jason Sudeikis', 'Kristen Wiig']","['TV Series', '2011– 2011– ']",26,"[""Michael Patrick O'Brien"", ""Michael Patrick O'Brien"", 'Connie Britton', 'Ty Burrell', ""Michael Patrick O'Brien"", ""Michael Patrick O'Brien"", 'Connie Britton', 'Ty Burrell']",
https://www.imdb.com/title/tt1442552/,"['Reality-TV', 'Romance']","['Tom Papa', 'Marv Albert', 'Natalie Morales', 'Jerry Seinfeld', 'Kelly Ripa', 'Ricky Gervais', 'Kathy Griffin', 'Alec Baldwin', 'Tracy Morgan', 'Jim Breuer', 'Cedric the Entertainer', 'Mary J. Blige', 'Alexandra Wentworth', 'Maria Menounos', 'Jason Alexander', 'Kirstie Alley', 'Matthew Broderick', 'Adam Carolla']","['TV Series', '2010–20112010–2011']",24,"['Ellen Rakieten', 'Jerry Seinfeld', 'Jessica Seinfeld', 'Tom Papa', 'Marv Albert', 'Natalie Morales', 'Ellen Rakieten', 'Jerry Seinfeld', 'Jessica Seinfeld', 'Tom Papa', 'Marv Albert', 'Natalie Morales']","['Columbus 81 Productions', 'Ellen Rakieten Entertainment', 'Shed Media US', '']"
https://www.imdb.com/title/tt0827947/,['Talk-Show'],"['Rachael Ray', 'Mike Goral', 'Gretta Monahan', 'Ian Smith', 'Peter Walsh', 'John M. Cusimano', 'Buddy Valastro', 'Sunny Anderson', 'Kyan Douglas', 'Jarod Miller', 'Curtis Stone', 'Kara Vogt', 'Regis Philbin', 'Lara Spencer', 'Bob Harper', 'Richard Blais', 'John Gidding', 'Kristan Cunningham']","['TV Series', '2006– 2006– ', 'TV-GTV-G', '1h']",2374,"['Rachael Ray', 'Mike Goral', 'Gretta Monahan', 'Rachael Ray', 'Mike Goral', 'Gretta Monahan']","['King World Productions', 'Harpo Productions', '']"
https://www.imdb.com/title/tt0088550/,"['News', 'Talk-Show']","['Larry King', 'Bob Woodward', 'Ryan Seacrest', 'Bill Maher', 'Kathy Griffin', 'Joy Behar', 'Donald Trump', 'John McCain', 'Anderson Cooper', 'Dan Rather', 'Joan Rivers', 'Phil McGraw', 'Howard Bragman', 'Jesse Ventura', 'Kimberly Guilfoyle', 'George Bush', 'Sanjay Gupta', 'Barbara Walters']","['TV Series', '1985–20101985–2010', '1h']",7584,"['Larry King', 'Bob Woodward', 'Ryan Seacrest', 'Larry King', 'Bob Woodward', 'Ryan Seacrest']",
https://www.imdb.com/title/tt1635658/,"['Documentary', 'Comedy']","['Bernadette Lords', 'Fred Armisen', 'Ken Aymong', 'Alec Baldwin', 'Drew Barrymore', 'Lara Flynn Boyle', 'James Downey', 'Rachel Dratch', 'Abby Elliott', 'Jimmy Fallon', 'Will Ferrell', 'Tina Fey', 'Will Forte', 'Rudy Giuliani', 'Bill Hader', 'Darrell Hammond', 'Sean Hayes', 'Steve Higgins']","['TV Special', '20102010', '1h 25min']",0,"['Kenneth Bowser', 'Kenneth Bowser', 'Bernadette Lords', 'Fred Armisen', 'Ken Aymong', 'Kenneth Bowser', 'Kenneth Bowser', 'Bernadette Lords', 'Fred Armisen', 'Ken Aymong']",
https://www.imdb.com/title/tt1572507/,['Documentary'],"['Morgan Spurlock', 'Matt Stone', 'Trey Parker', 'Seth MacFarlane', ""Conan O'Brien"", 'Sting', 'John Waters', 'Seth Meyers', 'David Cross', 'Dan Rather', 'Mike Judge', 'Jimmy Kimmel', 'Hugh Hefner', 'Brian Williams', 'Joe Mantegna', 'Matt Groening', 'James L. Brooks', 'Julie Kavner']","['TV Movie', '20102010', 'TV-14TV-14', '42min']",0,"['Morgan Spurlock', 'Jeremy Chilnick', 'Morgan Spurlock', 'Morgan Spurlock', 'Matt Stone', 'Trey Parker', 'Morgan Spurlock', 'Jeremy Chilnick', 'Morgan Spurlock', 'Morgan Spurlock', 'Matt Stone', 'Trey Parker']","['Utopia Films', 'Warrior Poets', '']"
https://www.imdb.com/title/tt0106052/,"['Comedy', 'Music', 'Talk-Show']","[""Conan O'Brien"", 'Andy Richter', 'Joel Godard', 'The Max Weinberg 7', 'Max Weinberg', ""Richie 'La Bamba' Rosenberg"", 'Brian McCann', 'Robert Smigel', ""Mark 'Love Man' Pender"", 'Jimmy Vivino', 'Brian Stack', 'Jerry Vivino', 'Scott Healy', 'Mike Merritt', 'Marc Maron', 'Al Roker', 'Jon Glaser', 'Lewis Black']","['TV Series', '1993–20091993–2009', 'TV-14TV-14', '1h']",2769,"[""Conan O'Brien"", 'Andy Richter', 'Joel Godard', ""Conan O'Brien"", 'Andy Richter', 'Joel Godard']","['Broadway Video', 'Conaco', 'NBC Studios', '']"
https://www.imdb.com/title/tt1095213/,"['Comedy', 'News']","['Dax Holt', 'Harvey Levin', 'Brian Mcdaniel', 'Ryan Satin', 'Charlie Neff', 'Ryann Naumann', 'Stacey Newsome Santiago', 'Danielle J. Brown', 'Jim Goldenberg', 'T.K. Trinidad', 'Chris Reed', 'Gillian Sheldon', 'Antonio Martinez', 'Danica Kennedy', 'Sean Borg', 'Beau Wilson', 'Justin Nichols', 'Mike White']","['TV Series', '2007– 2007– ', 'TV-PGTV-PG', '30min']",2200,"['Dax Holt', 'Harvey Levin', 'Brian Mcdaniel', 'Dax Holt', 'Harvey Levin', 'Brian Mcdaniel']","['Harvey Levin Productions', 'ParaMedia', 'Telepictures Productions', '']"
https://www.imdb.com/title/tt0451114/,[],"['Dan Aykroyd', 'Candice Bergen', 'Chris Dodd', 'Rachel Dratch', 'Tina Fey', 'Will Forte', 'Darrell Hammond', 'Steve Martin', 'John McCain', 'Tim Meadows', 'Seth Meyers', 'Lorne Michaels', 'Finesse Mitchell', 'Tracy Morgan', ""Conan O'Brien"", 'Amy Poehler', 'Rob Riggle', 'Maya Rudolph']","['TV Special', '20042004']",0,"['Christine Clark Bradley', 'Dan Aykroyd', 'Candice Bergen', 'Chris Dodd', 'Christine Clark Bradley', 'Dan Aykroyd', 'Candice Bergen', 'Chris Dodd']",
https://www.imdb.com/title/tt0435730/,['Comedy'],"['Darrell Hammond', 'Will Forte', 'Seth Meyers', 'Mars Williams', 'Dan Aykroyd', 'John Belushi', 'Dana Carvey', 'Chevy Chase', 'Jane Curtin', 'Rachel Dratch', 'Will Ferrell', 'Phil Hartman', 'Jan Hooks', 'Jon Lovitz', 'Garrett Morris', 'Kevin Nealon', 'Chris Parnell', 'Amy Poehler']","['TV Special', '20042004']",0,"['Beth McCarthy-Miller', 'Steve Higgins', 'Joe Kelly', 'Michael Shoemaker', 'Darrell Hammond', 'Will Forte', 'Seth Meyers', 'Beth McCarthy-Miller', 'Steve Higgins', 'Joe Kelly', 'Michael Shoemaker', 'Darrell Hammond', 'Will Forte', 'Seth Meyers']",
https://www.imdb.com/title/tt0297499/,"['News', 'Sport', 'Talk-Show']","['Brian Kahn', 'Tom Arnold', 'Chris Rose', 'John Salley', 'Jillian Difusco', 'Pat Croce', 'Max Koch', 'Nnamdi Asomugha', 'Amanda Niles', 'Rob Little', 'Claude Stuart', 'David Pires', 'Leeann Tweeden', 'Mike Goldberg', 'Shaun Alexander', 'Monty Brown', 'Bryan Cox', 'Layla Rumi']","['TV Series', '2001–20092001–2009', 'TV-MATV-MA', '1h']",193,"['Brian Kahn', 'Tom Arnold', 'Chris Rose', 'Brian Kahn', 'Tom Arnold', 'Chris Rose']",
https://www.imdb.com/title/tt7174218/,"['News', 'Talk-Show']","['Ari Melber', 'Nicolle Wallace', 'Nick Akerman', 'Howard Dean', 'Neal Katyal', 'Richard Painter', 'Maya Wiley', 'Jason Johnson', 'Joan Walsh', 'Joyce Vance', 'Frank Figliuzzi', 'William Kristol', 'Howard Fineman', 'David Corn', 'Katty Kay', 'Chay Komanduri', 'Melissa Murray', 'Christina Greer']","['TV Series', '2017– 2017– ', 'TV-GTV-G', '1h']",1268,"['Ari Melber', 'Nicolle Wallace', 'Nick Akerman', 'Ari Melber', 'Nicolle Wallace', 'Nick Akerman']",
https://www.imdb.com/title/tt13212208/,"['Comedy', 'News', 'Talk-Show']","['Yellow Flash', 'That Umbrella Guy', 'Raging Golden Eagle', 'Nick Rekieta', 'Mr. Obvious', 'Aydin Paladin', 'Drex', 'Jay', 'Eric July', 'Ryan Kinel', 'Anna Mello']","['TV Series', '2018– 2018– ']",216,"['Yellow Flash', 'That Umbrella Guy', 'Raging Golden Eagle', 'Yellow Flash', 'That Umbrella Guy', 'Raging Golden Eagle']",
https://www.imdb.com/title/tt11428002/,['Talk-Show'],"['Jeremy Griggs', 'Anna Mello', 'Ethan Van Sciver', 'Gary Buechler', 'Jedi Bunny', 'MechaRandom', 'Odin', 'Josiah Swanson', 'Ivan Ortega', 'Jessi Milestone', 'Jeff Hicks']","['TV Series', '2014– 2014– ', 'TV-14TV-14']",188,"['Jeremy Griggs', 'Jeremy Griggs', 'Anna Mello', 'Ethan Van Sciver', 'Jeremy Griggs', 'Jeremy Griggs', 'Anna Mello', 'Ethan Van Sciver']","['Gaming with Geeks', 'Park Hoppin', '']"
https://www.imdb.com/title/tt8704802/,['Documentary'],"['Lauren Lapkus', 'Sandi Harding', 'Ken Tisher', 'Jared Rasic', 'Alan Payne', 'Doug Benson', 'James Arnold Taylor', 'Kevin Smith', 'Samm Levine', 'Brian Posehn', 'Jamie Kennedy', 'Adam Brody', 'Eric Close', 'Ron Funches', 'Ione Skye', 'Lloyd Kaufman', 'Darren Hayes', 'Greg Camp']","['20202020', 'TV-14TV-14', '1h 26min']",0,"['Taylor Morden', 'Zeke Kamm', 'Lauren Lapkus', 'Sandi Harding', 'Ken Tisher', 'Taylor Morden', 'Zeke Kamm', 'Lauren Lapkus', 'Sandi Harding', 'Ken Tisher']","['Popmotion Pictures', 'September Club', '']"
https://www.imdb.com/title/tt9708358/,['Documentary'],"['Brandon Tatum', 'Carol Swain', 'Chad Jackson', 'Larry Elder', 'Allen West', 'Herman Cain', 'Robert Woodson', 'Eugene J. Ralph Sr.', 'Jesse Lee Peterson', 'Damani Felder', 'Kelvin Austin', 'Kanye West', 'Patricia Watson', 'Larry W. Henry', 'Joel Patrick', 'Stephen Broden', 'Michael Ayetrwa', 'Robert C. Maxwell']","['20202020', 'GG', '1h 46min']",0,"['Justin Malone', 'Ryder Ansell', 'Larry Elder', 'Justin Malone', 'Brandon Tatum', 'Carol Swain', 'Chad Jackson', 'Justin Malone', 'Ryder Ansell', 'Larry Elder', 'Justin Malone', 'Brandon Tatum', 'Carol Swain', 'Chad Jackson']",
https://www.imdb.com/title/tt0133302/,"['Documentary', 'News']","['Will Lyman', 'Sarah Childress', 'Priyanka Boghani', 'Arun Rath', 'Judy Woodruff', 'Katie Worth', 'Martin Smith', 'Jessica Savitch', 'Jim Gilmore', 'Mike McNally', 'Jeremiah Kissel', 'Lowell Bergman', 'Peter Baker', 'Peter Haydu', 'Dan Balz', 'Jane Mayer', 'Charles Linshaw', 'Steve Coll']","['TV Series', '1983– 1983– ', 'TV-MATV-MA', '1h']",793,"['Will Lyman', 'Sarah Childress', 'Priyanka Boghani', 'Will Lyman', 'Sarah Childress', 'Priyanka Boghani']",
https://www.imdb.com/title/tt11306452/,['Comedy'],"['Darlene Love', 'Amy Adams', 'Casey Affleck', 'Fred Armisen', 'Dan Aykroyd', 'Alec Baldwin', 'Vanessa Bayer', 'John Belushi', 'Beck Bennett', 'Candice Bergen', 'Jim Breuer', 'Jeff Bridges', 'Paul Brittain', 'Aidy Bryant', 'Michael Bublé', 'Dana Carvey', 'Chevy Chase', 'Jane Curtin']","['TV Special', '20192019', '1h 24min']",0,"['Paul Briganti', 'Don Roy King', 'Matt and Oz', 'Darlene Love', 'Amy Adams', 'Casey Affleck', 'Paul Briganti', 'Don Roy King', 'Matt and Oz', 'Darlene Love', 'Amy Adams', 'Casey Affleck']",
https://www.imdb.com/title/tt10715140/,['Talk-Show'],"['Angie Martinez', 'Keyon Williams', 'Charlamagne Tha God', 'Cardi B', 'DJ Clue', 'Ice Cube', 'Fat Joe', 'Maino', 'Queen Latifah', 'Snoop Dogg', 'Trina', 'Angela Yee', 'Lionel B', 'Joe Budden', 'Casanova', 'DJ Khaled', 'ASAP Ferg', 'Eric Garcetti']","['TV Series', '2019– 2019– ', 'TV-14TV-14', '1h']",6,"['Angie Martinez', 'Keyon Williams', 'Charlamagne Tha God', 'Angie Martinez', 'Keyon Williams', 'Charlamagne Tha God']","['Creature Films', 'eOne Television', '']"
https://www.imdb.com/title/tt4736550/,"['Documentary', 'Biography', 'History']","['Brittany Kaiser', 'David Carroll', 'Paul-Olivier Dehaye', 'Ravi Naik', 'Julian Wheatland', 'Carole Cadwalladr', 'Paul Hilder', 'Christopher Wylie', 'Emma Graham-Harrison', 'Gill Phillips', 'Sarah Donaldson', 'Roger McNamee', 'Asad Baig', 'Steve Bannon', 'Jamie Bartlett', 'Gerard Batten', 'Maria Cantwell', 'Dorsey Carson']","['20192019', 'TV-MATV-MA', '1h 54min']",0,"['Karim Amer', 'Jehane Noujaim', 'Karim Amer', 'Erin Barnett', 'Pedro Kos', 'Brittany Kaiser', 'David Carroll', 'Paul-Olivier Dehaye', 'Karim Amer', 'Jehane Noujaim', 'Karim Amer', 'Erin Barnett', 'Pedro Kos', 'Brittany Kaiser', 'David Carroll', 'Paul-Olivier Dehaye']",
https://www.imdb.com/title/tt4151320/,['Documentary'],"['Woody Allen', 'Herb Alpert', 'Wes Anderson', 'Anthony Bourdain', 'Rob Bowman', 'Marie Brenner', 'Mika Brzezinski', 'Naomi Campbell', 'Graydon Carter', 'George Clooney', 'David Patrick Columbia', 'Sofia Coppola', 'Alan Cumming', 'David Downton', 'Yves Durif', 'Roger Federer', 'Harrison Ford', 'Nina Garcia']","['20182018', 'PG-13PG-13', '1h 32min']",0,"['Matthew Miele', 'Matthew Miele', 'Woody Allen', 'Herb Alpert', 'Wes Anderson', 'Matthew Miele', 'Matthew Miele', 'Woody Allen', 'Herb Alpert', 'Wes Anderson']",
https://www.imdb.com/title/tt7262670/,"['News', 'Talk-Show']","['Ben Shapiro', 'Andrew Klavan', 'Bill Whittle', 'Candace Owens', 'Amy Peikoff', 'Mark Ciardi', 'Justin Norman', 'Ron DeSantis', 'Ro Khanna', 'Clay Travis']","['TV Series', '2015– 2015– ']",1111,"['Ben Shapiro', 'Ben Shapiro', 'Andrew Klavan', 'Bill Whittle', 'Ben Shapiro', 'Ben Shapiro', 'Andrew Klavan', 'Bill Whittle']",