person,year_start,year_end,head_writer,imdb_link
Anne Beatts,,,,https://www.imdb.com/name/nm0064186/?ref_=fn_nm_nm_1
Chevy Chase,,,,https://www.imdb.com/name/nm0000331/?ref_=fn_nm_nm_1
Tom Davis,,,,https://www.imdb.com/name/nm4269084/?ref_=fn_nm_nm_1
Al Franken,,,,https://www.imdb.com/name/nm0291253/?ref_=fn_nm_nm_1
Lorne Michaels,,,y,https://www.imdb.com/name/nm0584427/?ref_=fn_nm_nm_1
Marilyn Suzanne Miller,,,,https://www.imdb.com/name/nm0588897/?ref_=fn_nm_nm_1
Michael O'Donoghue,,,y,https://www.imdb.com/name/nm0640874/?ref_=fn_nm_nm_1
Herb Sargent,,,,
Tom Schiller,,,,https://www.imdb.com/name/nm0771680/?ref_=fn_nm_nm_1
Rosie Shuster,,,,https://www.imdb.com/name/nm0776874/?ref_=fn_nm_nm_1
Alan Zweibel,,,,https://www.imdb.com/name/nm0958993/?ref_=fn_nm_nm_1
Dan Aykroyd,,,,https://www.imdb.com/name/nm0000101/?ref_=fn_nm_nm_1
John Belushi,,,,https://www.imdb.com/name/nm0000004/?ref_=fn_nm_nm_1
Jim Downey,,,y,https://www.imdb.com/name/nm9978675/?ref_=fn_nm_nm_2
Bruce McCall,,,,https://www.imdb.com/name/nm0564620/?ref_=fn_nm_nm_1
Bill Murray,,,,https://www.imdb.com/name/nm0000195/?ref_=fn_nm_nm_1
Brian Doyle-Murray,,,,https://www.imdb.com/name/nm0236519/?ref_=fn_nm_nm_1
Neil Levy,,,,https://www.imdb.com/name/nm0506561/?ref_=fn_nm_nm_1
Don Novello,,,,https://www.imdb.com/name/nm0637038/?ref_=fn_nm_nm_1
Brian McConnachie,,,,https://www.imdb.com/name/nm0566234/?ref_=fn_nm_nm_1
Walter Williams,,,,https://www.imdb.com/name/nm0931906/?ref_=fn_nm_nm_2
Peter Aykroyd,,,,https://www.imdb.com/name/nm0043839/?ref_=fn_nm_nm_1
Tom Gammill,,,,https://www.imdb.com/name/nm0303991/?ref_=fn_nm_nm_1
Matt Neuman,,,,https://www.imdb.com/name/nm1238470/?ref_=fn_nm_nm_1
Alan Brudner,,,,
Sarah Paley,,,,https://www.imdb.com/name/nm1238548/?ref_=fn_nm_nm_1
Max Pross,,,,https://www.imdb.com/name/nm0698795/?ref_=fn_nm_nm_1
Harry Shearer,,,,https://www.imdb.com/name/nm0733427/?ref_=fn_nm_nm_1
Larry Arnstein,,,,https://www.imdb.com/name/nm0036784/?ref_=fn_nm_nm_1
Barry W. Blaustein,,,,https://www.imdb.com/name/nm0087904/?ref_=fn_nm_nm_1
Billy Brown,,,,https://www.imdb.com/name/nm0113117/?ref_=fn_nm_nm_1
Ferris Butler,,,,https://www.imdb.com/name/nm2953521/?ref_=fn_nm_nm_1
John DeBellis,,,,https://www.imdb.com/name/nm0213377/?ref_=fn_nm_nm_1
Jean Doumanian,,,,https://www.imdb.com/name/nm0235389/?ref_=fn_nm_nm_1
Nancy Dowd,,,,https://www.imdb.com/name/nm0235683/?ref_=fn_nm_nm_1
Leslie Fisher,,,,https://www.imdb.com/name/nm7021489/?ref_=fn_nm_nm_1
Mel Green,,,,https://www.imdb.com/name/nm0338153/?ref_=fn_nm_nm_1
David Hurwitz,,,,https://www.imdb.com/name/nm0403791/?ref_=fn_nm_nm_3
Judy Jacklin,,,,https://www.imdb.com/name/nm0413149/?ref_=fn_nm_nm_2
Sean Kelly,,,,https://www.imdb.com/name/nm0446856/?ref_=fn_nm_nm_1
Mitchell Kriegman,,,,https://www.imdb.com/name/nm0471233/?ref_=fn_nm_nm_1
Patricia Marx,,,,https://www.imdb.com/name/nm0555658/?ref_=fn_nm_nm_2
Douglas McGrath,,,,https://www.imdb.com/name/nm0569790/?ref_=fn_nm_nm_2
Tom Moore,,,y,https://www.imdb.com/name/nm0601962/?ref_=fn_nm_nm_1
Pamela Norris,,,,https://www.imdb.com/name/nm0635873/?ref_=fn_nm_nm_1
Mark Reisman,,,,https://www.imdb.com/name/nm0718459/?ref_=fn_nm_nm_1
David Sheffield,,,,https://www.imdb.com/name/nm0790775/?ref_=fn_nm_nm_1
Jeremy Stevens,,,y,https://www.imdb.com/name/nm0828484/?ref_=fn_nm_nm_1
Terry Sweeney,,,,https://www.imdb.com/name/nm0842202/?ref_=fn_nm_nm_1
Bob Tischler,,,y,https://www.imdb.com/name/nm0864293/?ref_=fn_nm_nm_1
Mason Williams,,,y,https://www.imdb.com/name/nm0931281/?ref_=fn_nm_nm_1
Dirk Wittenborn,,,,https://www.imdb.com/name/nm0936999/?ref_=fn_nm_nm_1
Joe Bodolai,,,,https://www.imdb.com/name/nm1188688/?ref_=fn_nm_nm_1
Nate Herman,,,,https://www.imdb.com/name/nm2953522/?ref_=fn_nm_nm_1
Tim Kazurinsky,,,,https://www.imdb.com/name/nm0443730/?ref_=fn_nm_nm_1
Nelson Lyon,,,,https://www.imdb.com/name/nm0528962/?ref_=fn_nm_nm_1
Mark O'Donnell,,,,https://www.imdb.com/name/nm1764916/?ref_=fn_nm_nm_1
Margaret Oberman,,,,https://www.imdb.com/name/nm0643315/?ref_=fn_nm_nm_1
Tony Rosato,,,,https://www.imdb.com/name/nm0711014/?ref_=fn_nm_nm_1
Andrew Smith,,,y,https://www.imdb.com/name/nm0807308/?ref_=fn_nm_nm_3
Terry Southern,,,,https://www.imdb.com/name/nm0816143/?ref_=fn_nm_nm_1
Eliot Wald,,,,https://www.imdb.com/name/nm0906997/?ref_=fn_nm_nm_1
Robin Duke,,,,https://www.imdb.com/name/nm0241208/?ref_=fn_nm_nm_1
Andy Kurtzman,,,,https://www.imdb.com/name/nm5629061/?ref_=fn_nm_nm_2
Eddie Murphy,,,,https://www.imdb.com/name/nm0000552/?ref_=fn_nm_nm_1
Joe Piscopo,,,,https://www.imdb.com/name/nm0685472/?ref_=fn_nm_nm_1
Ellen L. Fogle,,,,https://www.imdb.com/name/nm0283941/?ref_=fn_nm_nm_1
Tracy Torm√©,,,,https://www.imdb.com/name/nm0868124/?ref_=fn_nm_nm_1
Jim Belushi,,,,https://www.imdb.com/name/nm0000902/?ref_=fn_nm_nm_1
Andy Breckman,,,,https://www.imdb.com/name/nm0106563/?ref_=fn_nm_nm_1
Adam Green,,,,https://www.imdb.com/name/nm1697112/?ref_=fn_nm_nm_1
Mary Gross,,,,https://www.imdb.com/name/nm0343444/?ref_=fn_nm_nm_1
Kevin Kelton,,,,https://www.imdb.com/name/nm0447124/?ref_=fn_nm_nm_1
Michael McCarthy,,,,https://www.imdb.com/name/nm0565251/?ref_=fn_nm_nm_2
Billy Crystal,,,,https://www.imdb.com/name/nm0000345/?ref_=fn_nm_nm_1
Larry David,,,,https://www.imdb.com/name/nm0202970/?ref_=fn_nm_nm_1
Christopher Guest,,,,https://www.imdb.com/name/nm0001302/?ref_=fn_nm_nm_1
Rich Hall,,,,https://www.imdb.com/name/nm0356025/?ref_=fn_nm_nm_1
Rob Riley,,,,https://www.imdb.com/name/nm1583934/?ref_=fn_nm_nm_2
Martin Short,,,,https://www.imdb.com/name/nm0001737/?ref_=fn_nm_nm_1
Jim Downey,,,y,https://www.imdb.com/name/nm9978675/?ref_=fn_nm_nm_2
A. Whitney Brown,,,,https://www.imdb.com/name/nm0112944/?ref_=fn_nm_nm_1
Jack Handey,,,,https://www.imdb.com/name/nm0359532/?ref_=fn_nm_nm_1
Lanier Laney,,,,https://www.imdb.com/name/nm0485640/?ref_=fn_nm_nm_1
Carol Leifer,,,,https://www.imdb.com/name/nm0500140/?ref_=fn_nm_nm_1
George Meyer,,,,https://www.imdb.com/name/nm0583127/?ref_=fn_nm_nm_1
Mark McKinney,,,,https://www.imdb.com/name/nm0571897/?ref_=fn_nm_nm_1
Bruce McCulloch,,,,https://www.imdb.com/name/nm0567126/?ref_=fn_nm_nm_1
R. D. Rosen,,,,
Suzy Schneider,,,,https://www.imdb.com/name/nm2954512/?ref_=fn_nm_nm_2
Robert Smigel,,,,https://www.imdb.com/name/nm0806912/?ref_=fn_nm_nm_1
John Swartzwelder,,,,https://www.imdb.com/name/nm0841990/?ref_=fn_nm_nm_1
E. Jean Carroll,,,,https://www.imdb.com/name/nm0140800/?ref_=fn_nm_nm_1
Phil Hartman,,,,https://www.imdb.com/name/nm0367005/?ref_=fn_nm_nm_1
Kevin Nealon,,,,https://www.imdb.com/name/nm0005265/?ref_=fn_nm_nm_1
Marc Shaiman,,,,https://www.imdb.com/name/nm0003299/?ref_=fn_nm_nm_1
Bonnie Turner,,,,https://www.imdb.com/name/nm0877425/?ref_=fn_nm_nm_1
Terry Turner,,,,https://www.imdb.com/name/nm0877901/?ref_=fn_nm_nm_1
Jon Vitti,,,,https://www.imdb.com/name/nm0900140/?ref_=fn_nm_nm_1
Christine Zander,,,,https://www.imdb.com/name/nm0952863/?ref_=fn_nm_nm_1
Greg Daniels,,,,https://www.imdb.com/name/nm0199948/?ref_=fn_nm_nm_1
Conan O'Brien,,,,https://www.imdb.com/name/nm0005277/?ref_=fn_nm_nm_1
Bob Odenkirk,,,,https://www.imdb.com/name/nm0644022/?ref_=fn_nm_nm_1
John Bowman,,,,https://www.imdb.com/name/nm0101337/?ref_=fn_nm_nm_1
Shannon Gaughan,,,,https://www.imdb.com/name/nm0969183/?ref_=fn_nm_nm_1
Mike Myers,,,,https://www.imdb.com/name/nm0000196/?ref_=fn_nm_nm_1
Tom Hymes,,,,https://www.imdb.com/name/nm1631821/?ref_=fn_nm_nm_1
Rob Schneider,,,,https://www.imdb.com/name/nm0001705/?ref_=fn_nm_nm_1
David Spade,,,,https://www.imdb.com/name/nm0005450/?ref_=fn_nm_nm_1
Ben Stiller,,,,https://www.imdb.com/name/nm0001774/?ref_=fn_nm_nm_1
Daniel McGrath,,,,https://www.imdb.com/name/nm7272469/?ref_=fn_nm_nm_2
Andrew Robin,,,,https://www.imdb.com/name/nm8470145/?ref_=fn_nm_nm_2
Adam Sandler,,,,https://www.imdb.com/name/nm0001191/?ref_=fn_nm_nm_1
Warren Hutcherson,,,,https://www.imdb.com/name/nm0404209/?ref_=fn_nm_nm_1
Steven Koren,,,,
Ian Maxtone-Graham,,,,https://www.imdb.com/name/nm0561631/?ref_=fn_nm_nm_1
Fred Wolf,,,y,https://www.imdb.com/name/nm0937748/?ref_=fn_nm_nm_1
Bruce Handy,,,,https://www.imdb.com/name/nm9819935/?ref_=fn_nm_nm_1
Dawna Kaufmann,,,,https://www.imdb.com/name/nm0442126/?ref_=fn_nm_nm_1
David Mandel,,,,https://www.imdb.com/name/nm0541635/?ref_=fn_nm_nm_1
Tim Meadows,,,,https://www.imdb.com/name/nm0005218/?ref_=fn_nm_nm_1
Vanessa Middleton,,,,https://www.imdb.com/name/nm0585583/?ref_=fn_nm_nm_1
Glenn Rockowitz,,,,https://www.imdb.com/name/nm1032308/?ref_=fn_nm_nm_1
Dave Attell,,,,https://www.imdb.com/name/nm0040995/?ref_=fn_nm_nm_1
Tony DeSena,,,,
Tim Herlihy,,,y,https://www.imdb.com/name/nm0379056/?ref_=fn_nm_nm_1
Steve Lookner,,,,https://www.imdb.com/name/nm0382769/?ref_=fn_nm_nm_1
Norm Macdonald,,,,
Jay Mohr,,,,https://www.imdb.com/name/nm0001542/?ref_=fn_nm_nm_1
Lewis Morton,,,,https://www.imdb.com/name/nm0608034/?ref_=fn_nm_nm_1
Sarah Silverman,,,,https://www.imdb.com/name/nm0798971/?ref_=fn_nm_nm_1
Ross Abrash,,,,https://www.imdb.com/name/nm1039205/?ref_=fn_nm_nm_1
Norm Hiscock,,,,https://www.imdb.com/name/nm0386780/?ref_=fn_nm_nm_1
Brian Kelley,,,,https://www.imdb.com/name/nm5513398/?ref_=fn_nm_nm_1
Laura Kightlinger,,,,https://www.imdb.com/name/nm0452716/?ref_=fn_nm_nm_1
Margo Meyer,,,,https://www.imdb.com/name/nm2953433/?ref_=fn_nm_nm_1
Adam Resnick,,,,https://www.imdb.com/name/nm0720304/?ref_=fn_nm_nm_1
Drake Sather,,,,https://www.imdb.com/name/nm0766153/?ref_=fn_nm_nm_1
Steve Higgins,,,y,https://www.imdb.com/name/nm0383492/?ref_=fn_nm_nm_1
Cindy Caponera,,,,https://www.imdb.com/name/nm0135359/?ref_=fn_nm_nm_1
Hugh Fink,,,,https://www.imdb.com/name/nm0277813/?ref_=fn_nm_nm_1
Tom Gianas,,,,https://www.imdb.com/name/nm0316139/?ref_=fn_nm_nm_1
Peter Gaulke,,,,https://www.imdb.com/name/nm0310087/?ref_=fn_nm_nm_1
Erin Maroney,,,,
Adam McKay,,,y,https://www.imdb.com/name/nm0570912/?ref_=fn_nm_nm_1
Dennis McNicholas,,,,https://www.imdb.com/name/nm0574005/?ref_=fn_nm_nm_1
Lori Nasso,,,,https://www.imdb.com/name/nm0621994/?ref_=fn_nm_nm_1
Paula Pell,,,y,https://www.imdb.com/name/nm0996134/?ref_=fn_nm_nm_1
Colin Quinn,,,,https://www.imdb.com/name/nm0703800/?ref_=fn_nm_nm_1
Frank Sebastiano,,,,https://www.imdb.com/name/nm0780980/?ref_=fn_nm_nm_1
Andrew Steele,,,y,https://www.imdb.com/name/nm0824482/?ref_=fn_nm_nm_1
Tim Herlihy and Adam McKay,,,,
David Breckman,,,,https://www.imdb.com/name/nm1184512/?ref_=fn_nm_nm_1
Robert Carlock,,,,https://www.imdb.com/name/nm1061622/?ref_=fn_nm_nm_1
Stephen Colbert,,,,https://www.imdb.com/name/nm0170306/?ref_=fn_nm_nm_1
Matt Piedmont,,,,https://www.imdb.com/name/nm0682126/?ref_=fn_nm_nm_1
Scott Wainio,,,,https://www.imdb.com/name/nm0906511/?ref_=fn_nm_nm_1
Tina Fey,,,y,https://www.imdb.com/name/nm0275486/?ref_=fn_nm_nm_1
Michael McCullers,,,,https://www.imdb.com/name/nm0567112/?ref_=fn_nm_nm_1
Michael Schur,,,,https://www.imdb.com/name/nm1321658/?ref_=fn_nm_nm_1
Jerry Collins,,,,https://www.imdb.com/name/nm0172381/?ref_=fn_nm_nm_1
Steven Cragg,,,,https://www.imdb.com/name/nm0185735/?ref_=fn_nm_nm_1
Tony Daro,,,,https://www.imdb.com/name/nm1720857/?ref_=fn_nm_nm_1
Richard Francese,,,,https://www.imdb.com/name/nm0289927/?ref_=fn_nm_nm_1
Matt Graham,,,,https://www.imdb.com/name/nm6181738/?ref_=fn_nm_nm_1
Ray James,,,,https://www.imdb.com/name/nm0416853/?ref_=fn_nm_nm_1
T. Sean Shannon,,,,https://www.imdb.com/name/nm0780643/?ref_=fn_nm_nm_1
Kevin Brennan,,,,https://www.imdb.com/name/nm0996057/?ref_=fn_nm_nm_2
Ali Farahnakian,,,,
J. J. Philbin,,,,
James Anderson,,,,https://www.imdb.com/name/nm0026841/?ref_=fn_nm_nm_1
Melanie Graham,,,,https://www.imdb.com/name/nm1121588/?ref_=fn_nm_nm_1
Erik Kenward,,,,https://www.imdb.com/name/nm1334502/?ref_=fn_nm_nm_1
Jerry Minor,,,,https://www.imdb.com/name/nm0591576/?ref_=fn_nm_nm_1
Jon Rosenfeld,,,,https://www.imdb.com/name/nm1720897/?ref_=fn_nm_nm_1
Doug Abeles,,,,https://www.imdb.com/name/nm1263023/?ref_=fn_nm_nm_1
Max Brooks,,,,https://www.imdb.com/name/nm0112150/?ref_=fn_nm_nm_1
Louis C.K.,,,,https://www.imdb.com/name/nm0127373/?ref_=fn_nm_nm_1
Charlie Grandy,,,,https://www.imdb.com/name/nm0334946/?ref_=fn_nm_nm_1
Ken Scarborough,,,,https://www.imdb.com/name/nm0769095/?ref_=fn_nm_nm_1
Barry Sobel,,,,https://www.imdb.com/name/nm0811746/?ref_=fn_nm_nm_1
Leo Allen,,,,https://www.imdb.com/name/nm1179485/?ref_=fn_nm_nm_1
James Eagan,,,,https://www.imdb.com/name/nm0247063/?ref_=fn_nm_nm_1
Corwin Moore,,,,https://www.imdb.com/name/nm0601074/?ref_=fn_nm_nm_1
Eric Slovin,,,,https://www.imdb.com/name/nm0806246/?ref_=fn_nm_nm_1
Emily Spivey,,,,https://www.imdb.com/name/nm0819225/?ref_=fn_nm_nm_1
Jordan Black,,,,https://www.imdb.com/name/nm0085359/?ref_=fn_nm_nm_1
Liz Cackowski,,,,https://www.imdb.com/name/nm1560199/?ref_=fn_nm_nm_1
Louis CK,,,,
David Iserson,,,,https://www.imdb.com/name/nm1503347/?ref_=fn_nm_nm_1
Joe Kelly,,,,https://www.imdb.com/name/nm1918708/?ref_=fn_nm_nm_1
John Lutz,,,,https://www.imdb.com/name/nm0527572/?ref_=fn_nm_nm_1
J. B. Smoove,,,,
Jason Sudeikis,,,,https://www.imdb.com/name/nm0837177/?ref_=fn_nm_nm_1
Rich Talarico,,,,https://www.imdb.com/name/nm0847822/?ref_=fn_nm_nm_1
Alex Baze,,,,https://www.imdb.com/name/nm1733287/?ref_=fn_nm_nm_1
Matt Murray,,,,https://www.imdb.com/name/nm5248879/?ref_=fn_nm_nm_1
Lauren Pomerantz,,,,https://www.imdb.com/name/nm1729395/?ref_=fn_nm_nm_1
Colin Jost,,,y,https://www.imdb.com/name/nm1906042/?ref_=fn_nm_nm_1
Seth Meyers,,,y,https://www.imdb.com/name/nm1024878/?ref_=fn_nm_nm_1
Akiva Schaffer,,,,https://www.imdb.com/name/nm1676223/?ref_=fn_nm_nm_1
Jorma Taccone,,,,https://www.imdb.com/name/nm1672246/?ref_=fn_nm_nm_1
Bryan Tucker,,,y,https://www.imdb.com/name/nm5079723/?ref_=fn_nm_nm_2
Seth Meyers ,,,,
Marika Sawyer,,,,https://www.imdb.com/name/nm2854926/?ref_=fn_nm_nm_1
John Solomon,,,,https://www.imdb.com/name/nm1231253/?ref_=fn_nm_nm_1
Rob Klein,,,y,https://www.imdb.com/name/nm2914092/?ref_=fn_nm_nm_1
Simon Rich,,,,https://www.imdb.com/name/nm2919995/?ref_=fn_nm_nm_1
Kent Sublette,,,y,https://www.imdb.com/name/nm1229014/?ref_=fn_nm_nm_1
Jessica Conrad,,,,https://www.imdb.com/name/nm3165087/?ref_=fn_nm_nm_1
John Mulaney,,,,https://www.imdb.com/name/nm1825214/?ref_=fn_nm_nm_1
Jillian Bell,,,,https://www.imdb.com/name/nm3255459/?ref_=fn_nm_nm_1
Hannibal Buress,,,,https://www.imdb.com/name/nm2868110/?ref_=fn_nm_nm_1
Jessi Klein,,,,https://www.imdb.com/name/nm1585728/?ref_=fn_nm_nm_1
Christine Nangle,,,,https://www.imdb.com/name/nm3652881/?ref_=fn_nm_nm_1
Michael Patrick O'Brien,,,,https://www.imdb.com/name/nm3653190/?ref_=fn_nm_nm_1
Ryan Perez,,,,https://www.imdb.com/name/nm1885677/?ref_=fn_nm_nm_1
Heather Anne Campbell,,,,https://www.imdb.com/name/nm2216111/?ref_=fn_nm_nm_1
Matt Craig,,,,https://www.imdb.com/name/nm11875434/?ref_=fn_nm_nm_2
Tom Flanigan,,,,https://www.imdb.com/name/nm2475841/?ref_=fn_nm_nm_1
Shelly Gossman,,,,https://www.imdb.com/name/nm4586457/?ref_=fn_nm_nm_1
Jonathan Krisel,,,,https://www.imdb.com/name/nm1730037/?ref_=fn_nm_nm_1
Sarah Schneider,,,y,https://www.imdb.com/name/nm1365351/?ref_=fn_nm_nm_1
Zach Kanin,,,,https://www.imdb.com/name/nm2385671/?ref_=fn_nm_nm_1
Chris Kelly,,,y,https://www.imdb.com/name/nm6287571/?ref_=fn_nm_nm_1
Pete Schultz,,,,https://www.imdb.com/name/nm3965483/?ref_=fn_nm_nm_1
Neil Casey,,,,https://www.imdb.com/name/nm2654481/?ref_=fn_nm_nm_1
Tracy Dragoo,,,,
Josh Patten,,,,https://www.imdb.com/name/nm4483652/?ref_=fn_nm_nm_2
Michael Che,,,y,https://www.imdb.com/name/nm3846408/?ref_=fn_nm_nm_1
Mikey Day,,,,https://www.imdb.com/name/nm1510062/?ref_=fn_nm_nm_1
Leslie Jones,,,,https://www.imdb.com/name/nm0428656/?ref_=fn_nm_nm_1
Claire Mulaney,,,,https://www.imdb.com/name/nm6004139/?ref_=fn_nm_nm_1
Katie Rich,,,,https://www.imdb.com/name/nm0723672/?ref_=fn_nm_nm_1
Tim Robinson,,,,https://www.imdb.com/name/nm4200503/?ref_=fn_nm_nm_1
LaKendra Tookes,,,,https://www.imdb.com/name/nm6228635/?ref_=fn_nm_nm_1
Jeremy Beiler,,,,https://www.imdb.com/name/nm1501030/?ref_=fn_nm_nm_1
Dave McCary,,,,https://www.imdb.com/name/nm5050824/?ref_=fn_nm_nm_1
Mike O'Brien,,,,https://www.imdb.com/name/nm0639735/?ref_=fn_nm_nm_2
Natasha Rothwell,,,,https://www.imdb.com/name/nm5625020/?ref_=fn_nm_nm_1
Nick Rutherford,,,,https://www.imdb.com/name/nm11485297/?ref_=fn_nm_nm_2
Meredith Scardino,,,,https://www.imdb.com/name/nm2227704/?ref_=fn_nm_nm_1
Streeter Seidell,,,,https://www.imdb.com/name/nm3289293/?ref_=fn_nm_nm_1
Chris Belair,,,,https://www.imdb.com/name/nm3677049/?ref_=fn_nm_nm_1
Megan Callahan-Shah,,,,https://www.imdb.com/name/nm4916386/?ref_=fn_nm_nm_1
Fran Gillespie,,,,https://www.imdb.com/name/nm5246001/?ref_=fn_nm_nm_1
Sudi Green,,,,https://www.imdb.com/name/nm6003622/?ref_=fn_nm_nm_1
Paul Masella,,,,https://www.imdb.com/name/nm3688724/?ref_=fn_nm_nm_1
Dave Sirus,,,,https://www.imdb.com/name/nm3461468/?ref_=fn_nm_nm_1
Will Stephen,,,,https://www.imdb.com/name/nm5560794/?ref_=fn_nm_nm_1
Kristen Bartlett,,,,https://www.imdb.com/name/nm4434455/?ref_=fn_nm_nm_1
Zack Bornstein,,,,https://www.imdb.com/name/nm4956526/?ref_=fn_nm_nm_1
Joanna Bradley,,,,https://www.imdb.com/name/nm5400395/?ref_=fn_nm_nm_1
Megan Callahan,,,,
Anna Drezen,,,y,https://www.imdb.com/name/nm4871432/?ref_=fn_nm_nm_1
Nick Kocher,,,,https://www.imdb.com/name/nm3304457/?ref_=fn_nm_nm_1
Michael Koman,,,,https://www.imdb.com/name/nm0464523/?ref_=fn_nm_nm_1
Brian McElhaney,,,,https://www.imdb.com/name/nm3537795/?ref_=fn_nm_nm_1
Drew Michael,,,,https://www.imdb.com/name/nm6569383/?ref_=fn_nm_nm_1
Katie Rich,,,,https://www.imdb.com/name/nm0723672/?ref_=fn_nm_nm_1
Julio Torres,,,,https://www.imdb.com/name/nm7088580/?ref_=fn_nm_nm_1
Steven Castillo,,,,https://www.imdb.com/name/nm9163311/?ref_=fn_nm_nm_1
Andrew Dismukes,,,,https://www.imdb.com/name/nm8608160/?ref_=fn_nm_nm_1
Claire Friedman,,,,https://www.imdb.com/name/nm8077083/?ref_=fn_nm_nm_1
Fran Gillespie,,,,https://www.imdb.com/name/nm5246001/?ref_=fn_nm_nm_1
Sudi Green,,,,https://www.imdb.com/name/nm6003622/?ref_=fn_nm_nm_1
Sam Jay,,,,https://www.imdb.com/name/nm7615637/?ref_=fn_nm_nm_1
Colin Jost ,,,,
Michael Koman,,,,https://www.imdb.com/name/nm0464523/?ref_=fn_nm_nm_1
Erik Marino,,,,https://www.imdb.com/name/nm0547765/?ref_=fn_nm_nm_1
Dennis McNicholas ,,,y,
Nimesh Patel ,,,,
Gary Richardson,,,,https://www.imdb.com/name/nm6324751/?ref_=fn_nm_nm_1
Streeter Seidell ,,,,
Megan Callahan,,,,
Alison Gates,,,,https://www.imdb.com/name/nm10384188/?ref_=fn_nm_nm_1
Alan Linic,,,,https://www.imdb.com/name/nm7860442/?ref_=fn_nm_nm_1
Eli Mandel,,,,https://www.imdb.com/name/nm5193958/?ref_=fn_nm_nm_2
Bowen Yang,,,,https://www.imdb.com/name/nm6299248/?ref_=fn_nm_nm_1
Dan Bulla,,,,https://www.imdb.com/name/nm4674057/?ref_=fn_nm_nm_1
Emma Clark,,,,https://www.imdb.com/name/nm8485344/?ref_=fn_nm_nm_1
Andrew Dismuskes,,,,
Dan Licata,,,,https://www.imdb.com/name/nm3915994/?ref_=fn_nm_nm_1
Jasmine Pierce,,,,https://www.imdb.com/name/nm5276392/?ref_=fn_nm_nm_1
Mark Steinbach,,,,https://www.imdb.com/name/nm9184163/?ref_=fn_nm_nm_2
Celeste Yim,,,,https://www.imdb.com/name/nm11940589/?ref_=fn_nm_nm_1
